Workbook
Name lg: lg!$A$6:$A$9
Name Teams: 'ef-FT'!$E$4:$E$19
Name TiZo: 'ef-FT'!$BS$3:$BS$38
Name type: lg!$B$14:$B$16

Sheet Fixture
A1: Language | B1: English | D1: Ti-Zo | E1: - 04:00 ET | J1: =HYPERLINK('ef-FT'!$C$37&"g"&HLOOKUP('ef-FT'!E36,'ef-FT'!$E$36:$N$38,2,),PROPER(TEXT('ef-FT'!E36,"mmmm"))) -> Marzo | K1: =HYPERLINK('ef-FT'!$C$37&"g"&HLOOKUP('ef-FT'!F36,'ef-FT'!$E$36:$N$38,2,),PROPER(TEXT('ef-FT'!F36,"mmmm"))) -> Abril | L1: =HYPERLINK('ef-FT'!$C$37&"g"&HLOOKUP('ef-FT'!G36,'ef-FT'!$E$36:$N$38,2,),PROPER(TEXT('ef-FT'!G36,"mmmm"))) -> Mayo | M1: =HYPERLINK('ef-FT'!$C$37&"g"&HLOOKUP('ef-FT'!H36,'ef-FT'!$E$36:$N$38,2,),PROPER(TEXT('ef-FT'!H36,"mmmm"))) -> Junio
J2: =HYPERLINK('ef-FT'!$C$37&"g"&HLOOKUP('ef-FT'!I36,'ef-FT'!$E$36:$N$38,2,),PROPER(TEXT('ef-FT'!I36,"mmmm"))) -> Julio | K2: =HYPERLINK('ef-FT'!$C$37&"g"&HLOOKUP('ef-FT'!J36,'ef-FT'!$E$36:$N$38,2,),PROPER(TEXT('ef-FT'!J36,"mmmm"))) -> Agosto | L2: =HYPERLINK('ef-FT'!$C$37&"g"&HLOOKUP('ef-FT'!K36,'ef-FT'!$E$36:$N$38,2,),PROPER(TEXT('ef-FT'!K36,"mmmm"))) -> Septiembre | M2: =HYPERLINK('ef-FT'!$C$37&"g"&HLOOKUP('ef-FT'!L36,'ef-FT'!$E$36:$N$38,2,),PROPER(TEXT('ef-FT'!L36,"mmmm"))) -> Octubre
B3: =lg!H4 -> Follow | C3: Los Angeles | D3: <- & -> | E3: Dallas
A4: =lg!B4 -> Date | B4: =lg!C4 -> Time | C4: =lg!D4 -> Home | D4: =lg!E4 -> R | E4: =lg!F4 -> Away | F4: =lg!G4 -> R | J4: www.excel-fixtures.com
A5: ='ef-FT'!K44 -> 40262.5 | B5: - | C5: ='ef-FT'!E44 -> Seattle Sounders FC | D5: ='ef-FT'!M44 -> 2 | E5: ='ef-FT'!G44 -> Philadelphia Union | F5: ='ef-FT'!O44 -> 0
A6: ='ef-FT'!K45 -> 40262.5 | B6: - | C6: ='ef-FT'!E45 -> Chivas USA | D6: ='ef-FT'!M45 -> 0 | E6: ='ef-FT'!G45 -> Colorado | F6: ='ef-FT'!O45 -> 1 | J6: "for more Soccer Fixtures of Tournaments around the World"
A7: ='ef-FT'!K46 -> 40264.5 | B7: - | C7: ='ef-FT'!E46 -> Dallas | D7: ='ef-FT'!M46 -> 1 | E7: ='ef-FT'!G46 -> Houston | F7: ='ef-FT'!O46 -> 1
A8: ='ef-FT'!K47 -> 40264.5 | B8: - | C8: ='ef-FT'!E47 -> Columbus | D8: ='ef-FT'!M47 -> 2 | E8: ='ef-FT'!G47 -> Toronto FC | F8: ='ef-FT'!O47 -> 0
A9: ='ef-FT'!K48 -> 40264.5 | B9: - | C9: ='ef-FT'!E48 -> New York Red Bulls | D9: ='ef-FT'!M48 -> 1 | E9: ='ef-FT'!G48 -> Chicago | F9: ='ef-FT'!O48 -> 0
A10: ='ef-FT'!K49 -> 40264.5 | B10: - | C10: ='ef-FT'!E49 -> Kansas City | D10: ='ef-FT'!M49 -> 4 | E10: ='ef-FT'!G49 -> DC United | F10: ='ef-FT'!O49 -> 0
A11: ='ef-FT'!K50 -> 40264.5 | B11: - | C11: ='ef-FT'!E50 -> San Jose | D11: ='ef-FT'!M50 -> 0 | E11: ='ef-FT'!G50 -> Real Salt Lake | F11: ='ef-FT'!O50 -> 3
A12: ='ef-FT'!K51 -> 40264.5 | B12: - | C12: ='ef-FT'!E51 -> Los Angeles | D12: ='ef-FT'!M51 -> 1 | E12: ='ef-FT'!G51 -> New England | F12: ='ef-FT'!O51 -> 0
A13: ='ef-FT'!K52 -> 40269.5 | B13: - | C13: ='ef-FT'!E52 -> Houston | D13: ='ef-FT'!M52 -> 2 | E13: ='ef-FT'!G52 -> Real Salt Lake | F13: ='ef-FT'!O52 -> 1
A14: ='ef-FT'!K53 -> 40269.5 | B14: - | C14: ='ef-FT'!E53 -> Los Angeles | D14: ='ef-FT'!M53 -> 2 | E14: ='ef-FT'!G53 -> Chivas USA | F14: ='ef-FT'!O53 -> 0
A15: ='ef-FT'!K54 -> 40271.5 | B15: - | C15: ='ef-FT'!E54 -> Colorado | D15: ='ef-FT'!M54 -> 2 | E15: ='ef-FT'!G54 -> Chicago | F15: ='ef-FT'!O54 -> 2 | G15: =HYPERLINK('ef-FT'!$C$36,"á") -> á
A16: ='ef-FT'!K55 -> 40271.5 | B16: - | C16: ='ef-FT'!E55 -> DC United | D16: ='ef-FT'!M55 -> 0 | E16: ='ef-FT'!G55 -> New England | F16: ='ef-FT'!O55 -> 2
A17: ='ef-FT'!K56 -> 40271.5 | B17: - | C17: ='ef-FT'!E56 -> Seattle Sounders FC | D17: ='ef-FT'!M56 -> 0 | E17: ='ef-FT'!G56 -> New York Red Bulls | F17: ='ef-FT'!O56 -> 1
A18: ='ef-FT'!K57 -> 40278.5 | B18: - | C18: ='ef-FT'!E57 -> Chivas USA | D18: ='ef-FT'!M57 -> 2 | E18: ='ef-FT'!G57 -> New York Red Bulls | F18: ='ef-FT'!O57 -> 0
A19: ='ef-FT'!K58 -> 40278.5 | B19: - | C19: ='ef-FT'!E58 -> Philadelphia Union | D19: ='ef-FT'!M58 -> 3 | E19: ='ef-FT'!G58 -> DC United | F19: ='ef-FT'!O58 -> 2
A20: ='ef-FT'!K59 -> 40278.5 | B20: - | C20: ='ef-FT'!E59 -> New England | D20: ='ef-FT'!M59 -> 4 | E20: ='ef-FT'!G59 -> Toronto FC | F20: ='ef-FT'!O59 -> 1
A21: ='ef-FT'!K60 -> 40278.5 | B21: - | C21: ='ef-FT'!E60 -> Chicago | D21: ='ef-FT'!M60 -> 1 | E21: ='ef-FT'!G60 -> San Jose | F21: ='ef-FT'!O60 -> 2
A22: ='ef-FT'!K61 -> 40278.5 | B22: - | C22: ='ef-FT'!E61 -> Dallas | D22: ='ef-FT'!M61 -> 2 | E22: ='ef-FT'!G61 -> Columbus | F22: ='ef-FT'!O61 -> 2
A23: ='ef-FT'!K62 -> 40278.5 | B23: - | C23: ='ef-FT'!E62 -> Houston | D23: ='ef-FT'!M62 -> 0 | E23: ='ef-FT'!G62 -> Los Angeles | F23: ='ef-FT'!O62 -> 2
A24: ='ef-FT'!K63 -> 40278.5 | B24: - | C24: ='ef-FT'!E63 -> Kansas City | D24: ='ef-FT'!M63 -> 1 | E24: ='ef-FT'!G63 -> Colorado | F24: ='ef-FT'!O63 -> 0
A25: ='ef-FT'!K64 -> 40278.5 | B25: - | C25: ='ef-FT'!E64 -> Real Salt Lake | D25: ='ef-FT'!M64 -> 2 | E25: ='ef-FT'!G64 -> Seattle Sounders FC | F25: ='ef-FT'!O64 -> 2
A26: ='ef-FT'!K65 -> 40283.5 | B26: - | C26: ='ef-FT'!E65 -> Toronto FC | D26: ='ef-FT'!M65 -> 2 | E26: ='ef-FT'!G65 -> Philadelphia Union | F26: ='ef-FT'!O65 -> 1 | G26: =HYPERLINK('ef-FT'!$C$36,"á") -> á
A27: ='ef-FT'!K66 -> 40285.5 | B27: - | C27: ='ef-FT'!E66 -> Los Angeles | D27: ='ef-FT'!M66 -> 2 | E27: ='ef-FT'!G66 -> Real Salt Lake | F27: ='ef-FT'!O66 -> 1
A28: ='ef-FT'!K67 -> 40285.5 | B28: - | C28: ='ef-FT'!E67 -> Seattle Sounders FC | D28: ='ef-FT'!M67 -> 1 | E28: ='ef-FT'!G67 -> Kansas City | F28: ='ef-FT'!O67 -> 0
A29: ='ef-FT'!K68 -> 40285.5 | B29: - | C29: ='ef-FT'!E68 -> Houston | D29: ='ef-FT'!M68 -> 3 | E29: ='ef-FT'!G68 -> Chivas USA | F29: ='ef-FT'!O68 -> 0
A30: ='ef-FT'!K69 -> 40285.5 | B30: - | C30: ='ef-FT'!E69 -> DC United | D30: ='ef-FT'!M69 -> 0 | E30: ='ef-FT'!G69 -> Chicago | F30: ='ef-FT'!O69 -> 2
A31: ='ef-FT'!K70 -> 40285.5 | B31: - | C31: ='ef-FT'!E70 -> New York Red Bulls | D31: ='ef-FT'!M70 -> 2 | E31: ='ef-FT'!G70 -> Dallas | F31: ='ef-FT'!O70 -> 1
A32: ='ef-FT'!K71 -> 40285.5 | B32: - | C32: ='ef-FT'!E71 -> San Jose | D32: ='ef-FT'!M71 -> 2 | E32: ='ef-FT'!G71 -> New England | F32: ='ef-FT'!O71 -> 0
A33: ='ef-FT'!K72 -> 40286.5 | B33: - | C33: ='ef-FT'!E72 -> Colorado | D33: ='ef-FT'!M72 -> 3 | E33: ='ef-FT'!G72 -> Toronto FC | F33: ='ef-FT'!O72 -> 1
A34: ='ef-FT'!K73 -> 40290.5 | B34: - | C34: ='ef-FT'!E73 -> Dallas | D34: ='ef-FT'!M73 -> 2 | E34: ='ef-FT'!G73 -> Seattle Sounders FC | F34: ='ef-FT'!O73 -> 2
A35: ='ef-FT'!K74 -> 40292.5 | B35: - | C35: ='ef-FT'!E74 -> New York Red Bulls | D35: ='ef-FT'!M74 -> 2 | E35: ='ef-FT'!G74 -> Philadelphia Union | F35: ='ef-FT'!O74 -> 1
A36: ='ef-FT'!K75 -> 40292.5 | B36: - | C36: ='ef-FT'!E75 -> Columbus | D36: ='ef-FT'!M75 -> 1 | E36: ='ef-FT'!G75 -> Real Salt Lake | F36: ='ef-FT'!O75 -> 0
A37: ='ef-FT'!K76 -> 40292.5 | B37: - | C37: ='ef-FT'!E76 -> New England | D37: ='ef-FT'!M76 -> 1 | E37: ='ef-FT'!G76 -> Colorado | F37: ='ef-FT'!O76 -> 2 | G37: =HYPERLINK('ef-FT'!$C$36,"á") -> á | J37: www.excel-fixtures.com
A38: ='ef-FT'!K77 -> 40292.5 | B38: - | C38: ='ef-FT'!E77 -> Chicago | D38: ='ef-FT'!M77 -> 2 | E38: ='ef-FT'!G77 -> Houston | F38: ='ef-FT'!O77 -> 0
A39: ='ef-FT'!K78 -> 40292.5 | B39: - | C39: ='ef-FT'!E78 -> Kansas City | D39: ='ef-FT'!M78 -> 0 | E39: ='ef-FT'!G78 -> Los Angeles | F39: ='ef-FT'!O78 -> 0 | J39: "for more Soccer Fixtures of Tournaments around the World"
A40: ='ef-FT'!K79 -> 40292.5 | B40: - | C40: ='ef-FT'!E79 -> Chivas USA | D40: ='ef-FT'!M79 -> 3 | E40: ='ef-FT'!G79 -> San Jose | F40: ='ef-FT'!O79 -> 2
A41: ='ef-FT'!K80 -> 40293.5 | B41: - | C41: ='ef-FT'!E80 -> Toronto FC | D41: ='ef-FT'!M80 -> 2 | E41: ='ef-FT'!G80 -> Seattle Sounders FC | F41: ='ef-FT'!O80 -> 0
A42: ='ef-FT'!K81 -> 40299.5 | B42: - | C42: ='ef-FT'!E81 -> DC United | D42: ='ef-FT'!M81 -> 0 | E42: ='ef-FT'!G81 -> New York Red Bulls | F42: ='ef-FT'!O81 -> 2
A43: ='ef-FT'!K82 -> 40299.5 | B43: - | C43: ='ef-FT'!E82 -> New England | D43: ='ef-FT'!M82 -> 1 | E43: ='ef-FT'!G82 -> Dallas | F43: ='ef-FT'!O82 -> 1
A44: ='ef-FT'!K83 -> 40299.5 | B44: - | C44: ='ef-FT'!E83 -> Chicago | D44: ='ef-FT'!M83 -> 1 | E44: ='ef-FT'!G83 -> Chivas USA | F44: ='ef-FT'!O83 -> 1
A45: ='ef-FT'!K84 -> 40299.5 | B45: - | C45: ='ef-FT'!E84 -> Houston | D45: ='ef-FT'!M84 -> 3 | E45: ='ef-FT'!G84 -> Kansas City | F45: ='ef-FT'!O84 -> 0
A46: ='ef-FT'!K85 -> 40299.5 | B46: - | C46: ='ef-FT'!E85 -> Real Salt Lake | D46: ='ef-FT'!M85 -> 2 | E46: ='ef-FT'!G85 -> Toronto FC | F46: ='ef-FT'!O85 -> 1
A47: ='ef-FT'!K86 -> 40299.5 | B47: - | C47: ='ef-FT'!E86 -> San Jose | D47: ='ef-FT'!M86 -> 1 | E47: ='ef-FT'!G86 -> Colorado | F47: ='ef-FT'!O86 -> 0
A48: ='ef-FT'!K87 -> 40299.5 | B48: - | C48: ='ef-FT'!E87 -> Los Angeles | D48: ='ef-FT'!M87 -> 3 | E48: ='ef-FT'!G87 -> Philadelphia Union | F48: ='ef-FT'!O87 -> 1 | G48: =HYPERLINK('ef-FT'!$C$36,"á") -> á
A49: ='ef-FT'!K88 -> 40299.5 | B49: - | C49: ='ef-FT'!E88 -> Seattle Sounders FC | D49: ='ef-FT'!M88 -> 1 | E49: ='ef-FT'!G88 -> Columbus | F49: ='ef-FT'!O88 -> 1
A50: ='ef-FT'!K89 -> 40303.5 | B50: - | C50: ='ef-FT'!E89 -> DC United | D50: ='ef-FT'!M89 -> 2 | E50: ='ef-FT'!G89 -> Kansas City | F50: ='ef-FT'!O89 -> 1
A51: ='ef-FT'!K90 -> 40303.5 | B51: - | C51: ='ef-FT'!E90 -> New England | D51: ='ef-FT'!M90 -> 0 | E51: ='ef-FT'!G90 -> Chivas USA | F51: ='ef-FT'!O90 -> 4
A52: ='ef-FT'!K91 -> 40303.5 | B52: - | C52: ='ef-FT'!E91 -> Houston | D52: ='ef-FT'!M91 -> 0 | E52: ='ef-FT'!G91 -> Dallas | F52: ='ef-FT'!O91 -> 1
A53: ='ef-FT'!K92 -> 40303.5 | B53: - | C53: ='ef-FT'!E92 -> Colorado | D53: ='ef-FT'!M92 -> 0 | E53: ='ef-FT'!G92 -> Los Angeles | F53: ='ef-FT'!O92 -> 1
A54: ='ef-FT'!K93 -> 40306.5 | B54: - | C54: ='ef-FT'!E93 -> Real Salt Lake | D54: ='ef-FT'!M93 -> 3 | E54: ='ef-FT'!G93 -> Philadelphia Union | F54: ='ef-FT'!O93 -> 0
A55: ='ef-FT'!K94 -> 40306.5 | B55: - | C55: ='ef-FT'!E94 -> Seattle Sounders FC | D55: ='ef-FT'!M94 -> 0 | E55: ='ef-FT'!G94 -> Los Angeles | F55: ='ef-FT'!O94 -> 4
A56: ='ef-FT'!K95 -> 40306.5 | B56: - | C56: ='ef-FT'!E95 -> Toronto FC | D56: ='ef-FT'!M95 -> 4 | E56: ='ef-FT'!G95 -> Chicago | F56: ='ef-FT'!O95 -> 1
A57: ='ef-FT'!K96 -> 40306.5 | B57: - | C57: ='ef-FT'!E96 -> Columbus | D57: ='ef-FT'!M96 -> 3 | E57: ='ef-FT'!G96 -> New England | F57: ='ef-FT'!O96 -> 2
A58: ='ef-FT'!K97 -> 40306.5 | B58: - | C58: ='ef-FT'!E97 -> Dallas | D58: ='ef-FT'!M97 -> 1 | E58: ='ef-FT'!G97 -> DC United | F58: ='ef-FT'!O97 -> 0
A59: ='ef-FT'!K98 -> 40306.5 | B59: - | C59: ='ef-FT'!E98 -> San Jose | D59: ='ef-FT'!M98 -> 4 | E59: ='ef-FT'!G98 -> New York Red Bulls | F59: ='ef-FT'!O98 -> 0 | G59: =HYPERLINK('ef-FT'!$C$36,"á") -> á
A60: ='ef-FT'!K99 -> 40306.5 | B60: - | C60: ='ef-FT'!E99 -> Chivas USA | D60: ='ef-FT'!M99 -> 0 | E60: ='ef-FT'!G99 -> Houston | F60: ='ef-FT'!O99 -> 2
A61: ='ef-FT'!K100 -> 40311.5 | B61: - | C61: ='ef-FT'!E100 -> Real Salt Lake | D61: ='ef-FT'!M100 -> 3 | E61: ='ef-FT'!G100 -> Houston | F61: ='ef-FT'!O100 -> 1
A62: ='ef-FT'!K101 -> 40313.5 | B62: - | C62: ='ef-FT'!E101 -> Philadelphia Union | D62: ='ef-FT'!M101 -> 1 | E62: ='ef-FT'!G101 -> Dallas | F62: ='ef-FT'!O101 -> 1
A63: ='ef-FT'!K102 -> 40313.5 | B63: - | C63: ='ef-FT'!E102 -> New England | D63: ='ef-FT'!M102 -> 0 | E63: ='ef-FT'!G102 -> San Jose | F63: ='ef-FT'!O102 -> 0
A64: ='ef-FT'!K103 -> 40313.5 | B64: - | C64: ='ef-FT'!E103 -> Columbus | D64: ='ef-FT'!M103 -> 1 | E64: ='ef-FT'!G103 -> Chivas USA | F64: ='ef-FT'!O103 -> 0
A65: ='ef-FT'!K104 -> 40313.5 | B65: - | C65: ='ef-FT'!E104 -> DC United | D65: ='ef-FT'!M104 -> 0 | E65: ='ef-FT'!G104 -> Colorado | F65: ='ef-FT'!O104 -> 1
A66: ='ef-FT'!K105 -> 40313.5 | B66: - | C66: ='ef-FT'!E105 -> New York Red Bulls | D66: ='ef-FT'!M105 -> 0 | E66: ='ef-FT'!G105 -> Seattle Sounders FC | F66: ='ef-FT'!O105 -> 1
A67: ='ef-FT'!K106 -> 40313.5 | B67: - | C67: ='ef-FT'!E106 -> Kansas City | D67: ='ef-FT'!M106 -> 2 | E67: ='ef-FT'!G106 -> Chicago | F67: ='ef-FT'!O106 -> 2
A68: ='ef-FT'!K107 -> 40313.5 | B68: - | C68: ='ef-FT'!E107 -> Los Angeles | D68: ='ef-FT'!M107 -> 0 | E68: ='ef-FT'!G107 -> Toronto FC | F68: ='ef-FT'!O107 -> 0
A69: ='ef-FT'!K108 -> 40318.5 | B69: - | C69: ='ef-FT'!E108 -> New York Red Bulls | D69: ='ef-FT'!M108 -> 1 | E69: ='ef-FT'!G108 -> Columbus | F69: ='ef-FT'!O108 -> 3
A70: ='ef-FT'!K109 -> 40318.5 | B70: - | C70: ='ef-FT'!E109 -> Dallas | D70: ='ef-FT'!M109 -> 0 | E70: ='ef-FT'!G109 -> Los Angeles | F70: ='ef-FT'!O109 -> 1 | G70: =HYPERLINK('ef-FT'!$C$36,"á") -> á | J70: www.excel-fixtures.com
A71: ='ef-FT'!K110 -> 40320.5 | B71: - | C71: ='ef-FT'!E110 -> Toronto FC | D71: ='ef-FT'!M110 -> 1 | E71: ='ef-FT'!G110 -> New England | F71: ='ef-FT'!O110 -> 0
A72: ='ef-FT'!K111 -> 40320.5 | B72: - | C72: ='ef-FT'!E111 -> Seattle Sounders FC | D72: ='ef-FT'!M111 -> 0 | E72: ='ef-FT'!G111 -> San Jose | F72: ='ef-FT'!O111 -> 1 | J72: "for more Soccer Fixtures of Tournaments around the World"
A73: ='ef-FT'!K112 -> 40320.5 | B73: - | C73: ='ef-FT'!E112 -> Houston | D73: ='ef-FT'!M112 -> 2 | E73: ='ef-FT'!G112 -> DC United | F73: ='ef-FT'!O112 -> 0
A74: ='ef-FT'!K113 -> 40320.5 | B74: - | C74: ='ef-FT'!E113 -> Chivas USA | D74: ='ef-FT'!M113 -> 1 | E74: ='ef-FT'!G113 -> Real Salt Lake | F74: ='ef-FT'!O113 -> 2
A75: ='ef-FT'!K114 -> 40321.5 | B75: - | C75: ='ef-FT'!E114 -> Kansas City | D75: ='ef-FT'!M114 -> 0 | E75: ='ef-FT'!G114 -> Columbus | F75: ='ef-FT'!O114 -> 1
A76: ='ef-FT'!K115 -> 40325.5 | B76: - | C76: ='ef-FT'!E115 -> Chicago | D76: ='ef-FT'!M115 -> 1 | E76: ='ef-FT'!G115 -> Dallas | F76: ='ef-FT'!O115 -> 1
A77: ='ef-FT'!K116 -> 40327.5 | B77: - | C77: ='ef-FT'!E116 -> Columbus | D77: ='ef-FT'!M116 -> 0 | E77: ='ef-FT'!G116 -> Los Angeles | F77: ='ef-FT'!O116 -> 2
A78: ='ef-FT'!K117 -> 40327.5 | B78: - | C78: ='ef-FT'!E117 -> DC United | D78: ='ef-FT'!M117 -> 3 | E78: ='ef-FT'!G117 -> Chivas USA | F78: ='ef-FT'!O117 -> 2
A79: ='ef-FT'!K118 -> 40327.5 | B79: - | C79: ='ef-FT'!E118 -> New England | D79: ='ef-FT'!M118 -> 3 | E79: ='ef-FT'!G118 -> New York Red Bulls | F79: ='ef-FT'!O118 -> 2
A80: ='ef-FT'!K119 -> 40327.5 | B80: - | C80: ='ef-FT'!E119 -> Houston | D80: ='ef-FT'!M119 -> 1 | E80: ='ef-FT'!G119 -> Philadelphia Union | F80: ='ef-FT'!O119 -> 3
A81: ='ef-FT'!K120 -> 40327.5 | B81: - | C81: ='ef-FT'!E120 -> Colorado | D81: ='ef-FT'!M120 -> 1 | E81: ='ef-FT'!G120 -> Seattle Sounders FC | F81: ='ef-FT'!O120 -> 0 | G81: =HYPERLINK('ef-FT'!$C$36,"á") -> á
A82: ='ef-FT'!K121 -> 40327.5 | B82: - | C82: ='ef-FT'!E121 -> Real Salt Lake | D82: ='ef-FT'!M121 -> 4 | E82: ='ef-FT'!G121 -> Kansas City | F82: ='ef-FT'!O121 -> 1
A83: ='ef-FT'!K122 -> 40327.5 | B83: - | C83: ='ef-FT'!E122 -> San Jose | D83: ='ef-FT'!M122 -> 1 | E83: ='ef-FT'!G122 -> Toronto FC | F83: ='ef-FT'!O122 -> 3
A84: ='ef-FT'!K123 -> 40331.5 | B84: - | C84: ='ef-FT'!E123 -> New York Red Bulls | D84: ='ef-FT'!M123 -> 2 | E84: ='ef-FT'!G123 -> Houston | F84: ='ef-FT'!O123 -> 1
A85: ='ef-FT'!K124 -> 40331.5 | B85: - | C85: ='ef-FT'!E124 -> San Jose | D85: ='ef-FT'!M124 -> 2 | E85: ='ef-FT'!G124 -> Columbus | F85: ='ef-FT'!O124 -> 2
A86: ='ef-FT'!K125 -> 40334.5 | B86: - | C86: ='ef-FT'!E125 -> Toronto FC | D86: ='ef-FT'!M125 -> 0 | E86: ='ef-FT'!G125 -> Kansas City | F86: ='ef-FT'!O125 -> 0
A87: ='ef-FT'!K126 -> 40334.5 | B87: - | C87: ='ef-FT'!E126 -> DC United | D87: ='ef-FT'!M126 -> 0 | E87: ='ef-FT'!G126 -> Real Salt Lake | F87: ='ef-FT'!O126 -> 0
A88: ='ef-FT'!K127 -> 40334.5 | B88: - | C88: ='ef-FT'!E127 -> New York Red Bulls | D88: ='ef-FT'!M127 -> 1 | E88: ='ef-FT'!G127 -> Chivas USA | F88: ='ef-FT'!O127 -> 0
A89: ='ef-FT'!K128 -> 40334.5 | B89: - | C89: ='ef-FT'!E128 -> Los Angeles | D89: ='ef-FT'!M128 -> 4 | E89: ='ef-FT'!G128 -> Houston | F89: ='ef-FT'!O128 -> 1
A90: ='ef-FT'!K129 -> 40334.5 | B90: - | C90: ='ef-FT'!E129 -> Chicago | D90: ='ef-FT'!M129 -> 2 | E90: ='ef-FT'!G129 -> Philadelphia Union | F90: ='ef-FT'!O129 -> 1
A91: ='ef-FT'!K130 -> 40334.5 | B91: - | C91: ='ef-FT'!E130 -> Dallas | D91: ='ef-FT'!M130 -> 2 | E91: ='ef-FT'!G130 -> San Jose | F91: ='ef-FT'!O130 -> 0
A92: ='ef-FT'!K131 -> 40334.5 | B92: - | C92: ='ef-FT'!E131 -> Colorado | D92: ='ef-FT'!M131 -> 1 | E92: ='ef-FT'!G131 -> Columbus | F92: ='ef-FT'!O131 -> 0 | G92: =HYPERLINK('ef-FT'!$C$36,"á") -> á
A93: ='ef-FT'!K132 -> 40334.5 | B93: - | C93: ='ef-FT'!E132 -> Seattle Sounders FC | D93: ='ef-FT'!M132 -> 3 | E93: ='ef-FT'!G132 -> New England | F93: ='ef-FT'!O132 -> 0
A94: ='ef-FT'!K133 -> 40338.5 | B94: - | C94: ='ef-FT'!E133 -> Chicago | D94: ='ef-FT'!M133 -> 2 | E94: ='ef-FT'!G133 -> Colorado | F94: ='ef-FT'!O133 -> 2
A95: ='ef-FT'!K134 -> 40338.5 | B95: - | C95: ='ef-FT'!E134 -> Real Salt Lake | D95: ='ef-FT'!M134 -> 1 | E95: ='ef-FT'!G134 -> Los Angeles | F95: ='ef-FT'!O134 -> 0
A96: ='ef-FT'!K135 -> 40339.5 | B96: - | C96: ='ef-FT'!E135 -> Kansas City | D96: ='ef-FT'!M135 -> 2 | E96: ='ef-FT'!G135 -> Philadelphia Union | F96: ='ef-FT'!O135 -> 0
A97: ='ef-FT'!K136 -> 40339.5 | B97: - | C97: ='ef-FT'!E136 -> Seattle Sounders FC | D97: ='ef-FT'!M136 -> 2 | E97: ='ef-FT'!G136 -> DC United | F97: ='ef-FT'!O136 -> 3
A98: ='ef-FT'!K137 -> 40354.5 | B98: - | C98: ='ef-FT'!E137 -> Real Salt Lake | D98: ='ef-FT'!M137 -> 0 | E98: ='ef-FT'!G137 -> San Jose | F98: ='ef-FT'!O137 -> 0
A99: ='ef-FT'!K138 -> 40355.5 | B99: - | C99: ='ef-FT'!E138 -> Columbus | D99: ='ef-FT'!M138 -> 2 | E99: ='ef-FT'!G138 -> DC United | F99: ='ef-FT'!O138 -> 0
A100: ='ef-FT'!K139 -> 40355.5 | B100: - | C100: ='ef-FT'!E139 -> Toronto FC | D100: ='ef-FT'!M139 -> 0 | E100: ='ef-FT'!G139 -> Los Angeles | F100: ='ef-FT'!O139 -> 0
...

Sheet Table
C1: Eastern Conference
C2: Overall | J2: Home | Q2: Away
A3: ='ef-FT'!D3 -> # | B3: =lg!L4 -> Team | C3: =lg!M4 -> P | D3: =lg!N4 -> W | E3: =lg!O4 -> D | F3: =lg!P4 -> L | G3: =lg!Q4 -> Pts | H3: =lg!R4 -> GF - GC | I3: =lg!S4 -> GD | J3: =lg!M4 -> P | K3: =lg!N4 -> W | L3: =lg!O4 -> D | M3: =lg!P4 -> L | N3: =lg!Q4 -> Pts | O3: =lg!R4 -> GF - GC | P3: =lg!S4 -> GD | Q3: =lg!M4 -> P | R3: =lg!N4 -> W | S3: =lg!O4 -> D | T3: =lg!P4 -> L | U3: =lg!Q4 -> Pts | V3: =lg!R4 -> GF - GC | W3: =lg!S4 -> GD
A4: 1 | B4: ='ef-FT'!AU4 -> Columbus | C4: ='ef-FT'!AV4 -> 20 | D4: ='ef-FT'!AW4 -> 11 | E4: ='ef-FT'!AX4 -> 4 | F4: ='ef-FT'!AY4 -> 5 | G4: ='ef-FT'!AZ4 -> 37 | H4: ='ef-FT'!BA4 -> 28 - 19 | I4: ='ef-FT'!BB4 -> 9 | ... W4: ='ef-FT'!BP4 -> -1
A5: 2 | B5: ='ef-FT'!AU5 -> New York Red Bulls | C5: ='ef-FT'!AV5 -> 20 | D5: ='ef-FT'!AW5 -> 9 | E5: ='ef-FT'!AX5 -> 4 | F5: ='ef-FT'!AY5 -> 7 | G5: ='ef-FT'!AZ5 -> 31 | H5: ='ef-FT'!BA5 -> 21 - 22 | I5: ='ef-FT'!BB5 -> -1 | ... W5: ='ef-FT'!BP5 -> -3
A6: 3 | B6: ='ef-FT'!AU6 -> Toronto FC | C6: ='ef-FT'!AV6 -> 19 | D6: ='ef-FT'!AW6 -> 7 | E6: ='ef-FT'!AX6 -> 5 | F6: ='ef-FT'!AY6 -> 7 | G6: ='ef-FT'!AZ6 -> 26 | H6: ='ef-FT'!BA6 -> 21 - 21 | I6: ='ef-FT'!BB6 -> 0 | ... W6: ='ef-FT'!BP6 -> -9
A7: 4 | B7: ='ef-FT'!AU7 -> Chicago | C7: ='ef-FT'!AV7 -> 16 | D7: ='ef-FT'!AW7 -> 5 | E7: ='ef-FT'!AX7 -> 6 | F7: ='ef-FT'!AY7 -> 5 | G7: ='ef-FT'!AZ7 -> 21 | H7: ='ef-FT'!BA7 -> 21 - 21 | I7: ='ef-FT'!BB7 -> 0 | ... W7: ='ef-FT'!BP7 -> -1
A8: 5 | B8: ='ef-FT'!AU8 -> New England | C8: ='ef-FT'!AV8 -> 18 | D8: ='ef-FT'!AW8 -> 6 | E8: ='ef-FT'!AX8 -> 3 | F8: ='ef-FT'!AY8 -> 9 | G8: ='ef-FT'!AZ8 -> 21 | H8: ='ef-FT'!BA8 -> 18 - 27 | I8: ='ef-FT'!BB8 -> -9 | ... W8: ='ef-FT'!BP8 -> -11
A9: 6 | B9: ='ef-FT'!AU9 -> Kansas City | C9: ='ef-FT'!AV9 -> 19 | D9: ='ef-FT'!AW9 -> 5 | E9: ='ef-FT'!AX9 -> 5 | F9: ='ef-FT'!AY9 -> 9 | G9: ='ef-FT'!AZ9 -> 20 | H9: ='ef-FT'!BA9 -> 15 - 22 | I9: ='ef-FT'!BB9 -> -7 | ... W9: ='ef-FT'!BP9 -> -9
A10: 7 | B10: ='ef-FT'!AU10 -> Philadelphia Union | C10: ='ef-FT'!AV10 -> 19 | D10: ='ef-FT'!AW10 -> 4 | E10: ='ef-FT'!AX10 -> 5 | F10: ='ef-FT'!AY10 -> 10 | G10: ='ef-FT'!AZ10 -> 17 | H10: ='ef-FT'!BA10 -> 23 - 33 | I10: ='ef-FT'!BB10 -> -10 | ... W10: ='ef-FT'!BP10 -> -12
A11: 8 | B11: ='ef-FT'!AU11 -> DC United | C11: ='ef-FT'!AV11 -> 20 | D11: ='ef-FT'!AW11 -> 3 | E11: ='ef-FT'!AX11 -> 3 | F11: ='ef-FT'!AY11 -> 14 | G11: ='ef-FT'!AZ11 -> 12 | H11: ='ef-FT'!BA11 -> 13 - 35 | I11: ='ef-FT'!BB11 -> -22 | ... W11: ='ef-FT'!BP11 -> -13
C13: Western Conference
C14: Overall | J14: Home | Q14: Away
A15: =A3 -> # | B15: =B3 -> Team | C15: =C3 -> P | D15: =D3 -> W | E15: =E3 -> D | F15: =F3 -> L | G15: =G3 -> Pts | H15: =H3 -> GF - GC | ... W15: =W3 -> GD
A16: 9 | B16: ='ef-FT'!AU12 -> Los Angeles | C16: ='ef-FT'!AV12 -> 20 | D16: ='ef-FT'!AW12 -> 13 | E16: ='ef-FT'!AX12 -> 4 | F16: ='ef-FT'!AY12 -> 3 | G16: ='ef-FT'!AZ12 -> 43 | H16: ='ef-FT'!BA12 -> 32 - 13 | I16: ='ef-FT'!BB12 -> 19 | ... W16: ='ef-FT'!BP12 -> 9
A17: 10 | B17: ='ef-FT'!AU13 -> Real Salt Lake | C17: ='ef-FT'!AV13 -> 21 | D17: ='ef-FT'!AW13 -> 11 | E17: ='ef-FT'!AX13 -> 6 | F17: ='ef-FT'!AY13 -> 4 | G17: ='ef-FT'!AZ13 -> 39 | H17: ='ef-FT'!BA13 -> 36 - 16 | I17: ='ef-FT'!BB13 -> 20 | ... W17: ='ef-FT'!BP13 -> 0
A18: 11 | B18: ='ef-FT'!AU14 -> Dallas | C18: ='ef-FT'!AV14 -> 19 | D18: ='ef-FT'!AW14 -> 8 | E18: ='ef-FT'!AX14 -> 9 | F18: ='ef-FT'!AY14 -> 2 | G18: ='ef-FT'!AZ14 -> 33 | H18: ='ef-FT'!BA14 -> 27 - 17 | I18: ='ef-FT'!BB14 -> 10 | ... W18: ='ef-FT'!BP14 -> 3
A19: 12 | B19: ='ef-FT'!AU15 -> Seattle Sounders FC | C19: ='ef-FT'!AV15 -> 21 | D19: ='ef-FT'!AW15 -> 8 | E19: ='ef-FT'!AX15 -> 5 | F19: ='ef-FT'!AY15 -> 8 | G19: ='ef-FT'!AZ15 -> 29 | H19: ='ef-FT'!BA15 -> 23 - 25 | I19: ='ef-FT'!BB15 -> -2 | ... W19: ='ef-FT'!BP15 -> -4
A20: 13 | B20: ='ef-FT'!AU16 -> Colorado | C20: ='ef-FT'!AV16 -> 19 | D20: ='ef-FT'!AW16 -> 7 | E20: ='ef-FT'!AX16 -> 7 | F20: ='ef-FT'!AY16 -> 5 | G20: ='ef-FT'!AZ16 -> 28 | H20: ='ef-FT'!BA16 -> 21 - 18 | I20: ='ef-FT'!BB16 -> 3 | ... W20: ='ef-FT'!BP16 -> -1
A21: 14 | B21: ='ef-FT'!AU17 -> San Jose | C21: ='ef-FT'!AV17 -> 18 | D21: ='ef-FT'!AW17 -> 7 | E21: ='ef-FT'!AX17 -> 5 | F21: ='ef-FT'!AY17 -> 6 | G21: ='ef-FT'!AZ17 -> 26 | H21: ='ef-FT'!BA17 -> 21 - 20 | I21: ='ef-FT'!BB17 -> 1 | ... W21: ='ef-FT'!BP17 -> -1
A22: 15 | B22: ='ef-FT'!AU18 -> Houston | C22: ='ef-FT'!AV18 -> 20 | D22: ='ef-FT'!AW18 -> 5 | E22: ='ef-FT'!AX18 -> 5 | F22: ='ef-FT'!AY18 -> 10 | G22: ='ef-FT'!AZ18 -> 20 | H22: ='ef-FT'!BA18 -> 22 - 30 | I22: ='ef-FT'!BB18 -> -8 | ... W22: ='ef-FT'!BP18 -> -12
A23: 16 | B23: ='ef-FT'!AU19 -> Chivas USA | C23: ='ef-FT'!AV19 -> 19 | D23: ='ef-FT'!AW19 -> 5 | E23: ='ef-FT'!AX19 -> 4 | F23: ='ef-FT'!AY19 -> 10 | G23: ='ef-FT'!AZ19 -> 19 | H23: ='ef-FT'!BA19 -> 22 - 25 | I23: ='ef-FT'!BB19 -> -3 | ... W23: ='ef-FT'!BP19 -> -3
C25: www.excel-fixtures.com | J25: www.excel-fixtures.com | Q25: www.excel-fixtures.com
C28: "for more Soccer Fixtures of Tournaments around the World" | J28: "for more Soccer Fixtures of Tournaments around the World" | Q28: "for more Soccer Fixtures of Tournaments around the World"

Sheet ef-LeagueStats
B1: =lg!U4 -> type | D1: Overall
B2: =lg!H4 -> Follow | D2: =Fixture!C3 -> Los Angeles | E2: <- change in Fixture Sheet -> | H2: =Fixture!E3 -> Dallas
B4: =lg!V4 -> Most Points | D4: =lg!W4 -> Most Wins | F4: =lg!X4 -> Fewest Losses | H4: =lg!Y4 -> Most Goal Scored
A5: 1 | B5: ='ef-FT'!GR4 -> Los Angeles | C5: ='ef-FT'!HV4 -> 43 | D5: ='ef-FT'!GT4 -> Los Angeles | E5: ='ef-FT'!HX4 -> 13 | F5: ='ef-FT'!GW4 -> Dallas | G5: ='ef-FT'!IA4 -> 2 | H5: ='ef-FT'!GX4 -> Real Salt Lake | I5: ='ef-FT'!IB4 -> 36
A6: 2 | B6: ='ef-FT'!GR5 -> Real Salt Lake | C6: ='ef-FT'!HV5 -> 39 | D6: ='ef-FT'!GT5 -> Columbus | E6: ='ef-FT'!HX5 -> 11 | F6: ='ef-FT'!GW5 -> Los Angeles | G6: ='ef-FT'!IA5 -> 3 | H6: ='ef-FT'!GX5 -> Los Angeles | I6: ='ef-FT'!IB5 -> 32
A7: 3 | B7: ='ef-FT'!GR6 -> Columbus | C7: ='ef-FT'!HV6 -> 37 | D7: ='ef-FT'!GT6 -> Real Salt Lake | E7: ='ef-FT'!HX6 -> 11 | F7: ='ef-FT'!GW6 -> Real Salt Lake | G7: ='ef-FT'!IA6 -> 4 | H7: ='ef-FT'!GX6 -> Columbus | I7: ='ef-FT'!IB6 -> 28
A8: 4 | B8: ='ef-FT'!GR7 -> Dallas | C8: ='ef-FT'!HV7 -> 33 | D8: ='ef-FT'!GT7 -> New York Red Bulls | E8: ='ef-FT'!HX7 -> 9 | F8: ='ef-FT'!GW7 -> Columbus | G8: ='ef-FT'!IA7 -> 5 | H8: ='ef-FT'!GX7 -> Dallas | I8: ='ef-FT'!IB7 -> 27
A9: 5 | B9: ='ef-FT'!GR8 -> New York Red Bulls | C9: ='ef-FT'!HV8 -> 31 | D9: ='ef-FT'!GT8 -> Dallas | E9: ='ef-FT'!HX8 -> 8 | F9: ='ef-FT'!GW8 -> Chicago | G9: ='ef-FT'!IA8 -> 5 | H9: ='ef-FT'!GX8 -> Philadelphia Union | I9: ='ef-FT'!IB8 -> 23
A10: 6 | B10: ='ef-FT'!GR9 -> Seattle Sounders FC | C10: ='ef-FT'!HV9 -> 29 | D10: ='ef-FT'!GT9 -> Seattle Sounders FC | E10: ='ef-FT'!HX9 -> 8 | F10: ='ef-FT'!GW9 -> Colorado | G10: ='ef-FT'!IA9 -> 5 | H10: ='ef-FT'!GX9 -> Seattle Sounders FC | I10: ='ef-FT'!IB9 -> 23
A11: 7 | B11: ='ef-FT'!GR10 -> Colorado | C11: ='ef-FT'!HV10 -> 28 | D11: ='ef-FT'!GT10 -> Toronto FC | E11: ='ef-FT'!HX10 -> 7 | F11: ='ef-FT'!GW10 -> San Jose | G11: ='ef-FT'!IA10 -> 6 | H11: ='ef-FT'!GX10 -> Houston | I11: ='ef-FT'!IB10 -> 22
A12: 8 | B12: ='ef-FT'!GR11 -> Toronto FC | C12: ='ef-FT'!HV11 -> 26 | D12: ='ef-FT'!GT11 -> Colorado | E12: ='ef-FT'!HX11 -> 7 | F12: ='ef-FT'!GW11 -> New York Red Bulls | G12: ='ef-FT'!IA11 -> 7 | H12: ='ef-FT'!GX11 -> Chivas USA | I12: ='ef-FT'!IB11 -> 22
A13: 9 | B13: ='ef-FT'!GR12 -> San Jose | C13: ='ef-FT'!HV12 -> 26 | D13: ='ef-FT'!GT12 -> San Jose | E13: ='ef-FT'!HX12 -> 7 | F13: ='ef-FT'!GW12 -> Toronto FC | G13: ='ef-FT'!IA12 -> 7 | H13: ='ef-FT'!GX12 -> New York Red Bulls | I13: ='ef-FT'!IB12 -> 21
A14: 10 | B14: ='ef-FT'!GR13 -> New England | C14: ='ef-FT'!HV13 -> 21 | D14: ='ef-FT'!GT13 -> New England | E14: ='ef-FT'!HX13 -> 6 | F14: ='ef-FT'!GW13 -> Seattle Sounders FC | G14: ='ef-FT'!IA13 -> 8 | H14: ='ef-FT'!GX13 -> Toronto FC | I14: ='ef-FT'!IB13 -> 21
A15: 11 | B15: ='ef-FT'!GR14 -> Chicago | C15: ='ef-FT'!HV14 -> 21 | D15: ='ef-FT'!GT14 -> Chicago | E15: ='ef-FT'!HX14 -> 5 | F15: ='ef-FT'!GW14 -> New England | G15: ='ef-FT'!IA14 -> 9 | H15: ='ef-FT'!GX14 -> Chicago | I15: ='ef-FT'!IB14 -> 21
A16: 12 | B16: ='ef-FT'!GR15 -> Kansas City | C16: ='ef-FT'!HV15 -> 20 | D16: ='ef-FT'!GT15 -> Kansas City | E16: ='ef-FT'!HX15 -> 5 | F16: ='ef-FT'!GW15 -> Kansas City | G16: ='ef-FT'!IA15 -> 9 | H16: ='ef-FT'!GX15 -> Colorado | I16: ='ef-FT'!IB15 -> 21
... A20: 16 | B20: ='ef-FT'!GR19 -> DC United | C20: ='ef-FT'!HV19 -> 12 | D20: ='ef-FT'!GT19 -> DC United | E20: ='ef-FT'!HX19 -> 3 | F20: ='ef-FT'!GW19 -> DC United | G20: ='ef-FT'!IA19 -> 14 | H20: ='ef-FT'!GX19 -> DC United | I20: ='ef-FT'!IB19 -> 13
B22: www.excel-fixtures.com | D22: www.excel-fixtures.com | F22: www.excel-fixtures.com | H22: www.excel-fixtures.com
B24: =lg!Z4 -> Fewest Goals Conceded | D24: =lg!AA4 -> Highest Goal Difference | F24: =lg!AB4 -> Fewest Games Failed to Score | H24: =lg!AC4 -> Most Clean Sheets
A25: 1 | B25: ='ef-FT'!HA4 -> Los Angeles | C25: ='ef-FT'!IE4 -> 13 | D25: ='ef-FT'!HB4 -> Real Salt Lake | E25: ='ef-FT'!IF4 -> 20 | F25: ='ef-FT'!HE4 -> Dallas | G25: ='ef-FT'!II4 -> 1 | H25: ='ef-FT'!HF4 -> Los Angeles | I25: ='ef-FT'!IJ4 -> 11
A26: 2 | B26: ='ef-FT'!HA5 -> Real Salt Lake | C26: ='ef-FT'!IE5 -> 16 | D26: ='ef-FT'!HB5 -> Los Angeles | E26: ='ef-FT'!IF5 -> 19 | F26: ='ef-FT'!HE5 -> Chicago | G26: ='ef-FT'!II5 -> 3 | H26: ='ef-FT'!HF5 -> Real Salt Lake | I26: ='ef-FT'!IJ5 -> 9
A27: 3 | B27: ='ef-FT'!HA6 -> Dallas | C27: ='ef-FT'!IE6 -> 17 | D27: ='ef-FT'!HB6 -> Dallas | E27: ='ef-FT'!IF6 -> 10 | F27: ='ef-FT'!HE6 -> Philadelphia Union | G27: ='ef-FT'!II6 -> 3 | H27: ='ef-FT'!HF6 -> Columbus | I27: ='ef-FT'!IJ6 -> 8
A28: 4 | B28: ='ef-FT'!HA7 -> Colorado | C28: ='ef-FT'!IE7 -> 18 | D28: ='ef-FT'!HB7 -> Columbus | E28: ='ef-FT'!IF7 -> 9 | F28: ='ef-FT'!HE7 -> Real Salt Lake | G28: ='ef-FT'!II7 -> 4 | H28: ='ef-FT'!HF7 -> New York Red Bulls | I28: ='ef-FT'!IJ7 -> 8
A29: 5 | B29: ='ef-FT'!HA8 -> Columbus | C29: ='ef-FT'!IE8 -> 19 | D29: ='ef-FT'!HB8 -> Colorado | E29: ='ef-FT'!IF8 -> 3 | F29: ='ef-FT'!HE8 -> Colorado | G29: ='ef-FT'!II8 -> 4 | H29: ='ef-FT'!HF8 -> Seattle Sounders FC | I29: ='ef-FT'!IJ8 -> 8
A30: 6 | B30: ='ef-FT'!HA9 -> San Jose | C30: ='ef-FT'!IE9 -> 20 | D30: ='ef-FT'!HB9 -> San Jose | E30: ='ef-FT'!IF9 -> 1 | F30: ='ef-FT'!HE9 -> Columbus | G30: ='ef-FT'!II9 -> 5 | H30: ='ef-FT'!HF9 -> Kansas City | I30: ='ef-FT'!IJ9 -> 7
A31: 7 | B31: ='ef-FT'!HA10 -> Toronto FC | C31: ='ef-FT'!IE10 -> 21 | D31: ='ef-FT'!HB10 -> Toronto FC | E31: ='ef-FT'!IF10 -> 0 | F31: ='ef-FT'!HE10 -> Los Angeles | G31: ='ef-FT'!II10 -> 5 | H31: ='ef-FT'!HF10 -> San Jose | I31: ='ef-FT'!IJ10 -> 7
A32: 8 | B32: ='ef-FT'!HA11 -> Chicago | C32: ='ef-FT'!IE11 -> 21 | D32: ='ef-FT'!HB11 -> Chicago | E32: ='ef-FT'!IF11 -> 0 | F32: ='ef-FT'!HE11 -> Toronto FC | G32: ='ef-FT'!II11 -> 6 | H32: ='ef-FT'!HF11 -> Toronto FC | I32: ='ef-FT'!IJ11 -> 6
A33: 9 | B33: ='ef-FT'!HA12 -> New York Red Bulls | C33: ='ef-FT'!IE12 -> 22 | D33: ='ef-FT'!HB12 -> New York Red Bulls | E33: ='ef-FT'!IF12 -> -1 | F33: ='ef-FT'!HE12 -> Seattle Sounders FC | G33: ='ef-FT'!II12 -> 6 | H33: ='ef-FT'!HF12 -> New England | I33: ='ef-FT'!IJ12 -> 5
A34: 10 | B34: ='ef-FT'!HA13 -> Kansas City | C34: ='ef-FT'!IE13 -> 22 | D34: ='ef-FT'!HB13 -> Seattle Sounders FC | E34: ='ef-FT'!IF13 -> -2 | F34: ='ef-FT'!HE13 -> San Jose | G34: ='ef-FT'!II13 -> 6 | H34: ='ef-FT'!HF13 -> Dallas | I34: ='ef-FT'!IJ13 -> 5
A35: 11 | B35: ='ef-FT'!HA14 -> Seattle Sounders FC | C35: ='ef-FT'!IE14 -> 25 | D35: ='ef-FT'!HB14 -> Chivas USA | E35: ='ef-FT'!IF14 -> -3 | F35: ='ef-FT'!HE14 -> New York Red Bulls | G35: ='ef-FT'!II14 -> 7 | H35: ='ef-FT'!HF14 -> Colorado | I35: ='ef-FT'!IJ14 -> 5
A36: 12 | B36: ='ef-FT'!HA15 -> Chivas USA | C36: ='ef-FT'!IE15 -> 25 | D36: ='ef-FT'!HB15 -> Kansas City | E36: ='ef-FT'!IF15 -> -7 | F36: ='ef-FT'!HE15 -> Houston | G36: ='ef-FT'!II15 -> 7 | H36: ='ef-FT'!HF15 -> Houston | I36: ='ef-FT'!IJ15 -> 5
... A40: 16 | B40: ='ef-FT'!HA19 -> DC United | C40: ='ef-FT'!IE19 -> 35 | D40: ='ef-FT'!HB19 -> DC United | E40: ='ef-FT'!IF19 -> -22 | F40: ='ef-FT'!HE19 -> DC United | G40: ='ef-FT'!II19 -> 13 | H40: ='ef-FT'!HF19 -> Philadelphia Union | I40: ='ef-FT'!IJ19 -> 0
A45: 1
A46: 2
A47: 3
A48: 4
A49: 5
A50: 6
A51: 7
A52: 8
A53: 9
A54: 10
A55: 11
A56: 12
... A64: 20

Sheet ef-TeamStats
A1: =lg!U4 -> type | B1: Overall
A2: =lg!H4 -> Follow | B2: =Fixture!C3 -> Los Angeles | F2: <- change in Fixture Sheet -> | G2: =Fixture!E3 -> Dallas
B3: No | C3: Total | D3: =lg!AD4 -> Ave. | E3: Pos | G3: No | H3: Total | I3: =D3 -> Ave. | J3: Pos
A4: Points | B4: ='ef-FT'!IP30 -> 43 | C4: ='ef-FT'!IQ30 -> 20 | D4: ='ef-FT'!IR30 -> 2.15 | E4: ='ef-FT'!IS30 -> 1 | G4: ='ef-FT'!IV30 -> 33 | H4: ='ef-FT'!IW30 -> 19 | I4: ='ef-FT'!IX30 -> 1.7368421 | J4: ='ef-FT'!IY30 -> 4
A6: Goals Scored | B6: ='ef-FT'!IP33 -> 32 | C6: ='ef-FT'!IQ33 -> 20 | D6: ='ef-FT'!IR33 -> 1.6 | E6: ='ef-FT'!IS33 -> 2 | G6: ='ef-FT'!IV33 -> 27 | H6: ='ef-FT'!IW33 -> 19 | I6: ='ef-FT'!IX33 -> 1.4210526 | J6: ='ef-FT'!IY33 -> 4
A8: Goals Conceded | B8: ='ef-FT'!IP34 -> 13 | C8: ='ef-FT'!IQ34 -> 20 | D8: ='ef-FT'!IR34 -> 0.65 | E8: ='ef-FT'!IS34 -> 16 | G8: ='ef-FT'!IV34 -> 17 | H8: ='ef-FT'!IW34 -> 19 | I8: ='ef-FT'!IX34 -> 0.89473684 | J8: ='ef-FT'!IY34 -> 14
A10: Goal Diference | B10: ='ef-FT'!IP35 -> 19 | C10: ='ef-FT'!IQ35 -> 20 | D10: ='ef-FT'!IR35 -> 0.95 | E10: ='ef-FT'!IS35 -> 2 | G10: ='ef-FT'!IV35 -> 10 | H10: ='ef-FT'!IW35 -> 19 | I10: ='ef-FT'!IX35 -> 0.52631579 | J10: ='ef-FT'!IY35 -> 3
B12: No | C12: Total | D12: % | E12: Pos | G12: No | H12: Total | I12: % | J12: Pos
A13: Most Wins | B13: ='ef-FT'!IP31 -> 13 | C13: ='ef-FT'!IQ31 -> 20 | D13: ='ef-FT'!IR31 -> 0.65 | E13: ='ef-FT'!IS31 -> 1 | G13: ='ef-FT'!IV31 -> 8 | H13: ='ef-FT'!IW31 -> 19 | I13: ='ef-FT'!IX31 -> 0.42105263 | J13: ='ef-FT'!IY31 -> 5
A15: Fewest Losses | B15: ='ef-FT'!IP32 -> 3 | C15: ='ef-FT'!IQ32 -> 20 | D15: ='ef-FT'!IR32 -> 0.15 | E15: ='ef-FT'!IS32 -> 2 | G15: ='ef-FT'!IV32 -> 2 | H15: ='ef-FT'!IW32 -> 19 | I15: ='ef-FT'!IX32 -> 0.10526316 | J15: ='ef-FT'!IY32 -> 16
A17: Fewest Games Failed to Score | B17: ='ef-FT'!IP36 -> 5 | C17: ='ef-FT'!IQ36 -> 20 | D17: ='ef-FT'!IR36 -> 0.25 | E17: ='ef-FT'!IS36 -> 7 | G17: ='ef-FT'!IV36 -> 1 | H17: ='ef-FT'!IW36 -> 19 | I17: ='ef-FT'!IX36 -> 0.052631579 | J17: ='ef-FT'!IY36 -> 16
A19: Most Clean Sheets | B19: ='ef-FT'!IP37 -> 11 | C19: ='ef-FT'!IQ37 -> 20 | D19: ='ef-FT'!IR37 -> 0.55 | E19: ='ef-FT'!IS37 -> 1 | G19: ='ef-FT'!IV37 -> 5 | H19: ='ef-FT'!IW37 -> 19 | I19: ='ef-FT'!IX37 -> 0.26315789 | J19: ='ef-FT'!IY37 -> 10
B21: www.excel-fixtures.com | G21: www.excel-fixtures.com
B23: "for more Soccer Fixtures of Tournaments around the World" | G23: "for more Soccer Fixtures of Tournaments around the World"

Sheet HistoriChart
A1: Historic Chart | B1: =lg!H4&" "&lg!L4&"s &" -> Follow Teams & | H1: Columbus | S1: & | T1: Toronto FC | AE1: & | AF1: New England | AX1: =Fixture!C3 -> Los Angeles | AY1: =Fixture!E3 -> Dallas
B2: Eastern Conference
B3: - | C3: - | D3: 1 | E3: 2 | F3: 3 | G3: 4 | H3: 5 | I3: 6 | J3: 7 | K3: 8 | L3: 9 | M3: 10 | N3: 11 | O3: 12 | P3: 13 | Q3: 14 | R3: 15 | S3: 16 | T3: 17 | U3: 18 | V3: 19 | W3: 20 | X3: 21 | Y3: 22 | Z3: 23 | AA3: 24 | AB3: 25 | AC3: 26 | AD3: 27 | AE3: 28 | AF3: 29 | AG3: 30
A4: ='ef-FT'!E4 -> Columbus | B4: 1 | N4: 1 | X4: 1 | AH4: 1
A6: ='ef-FT'!E5 -> New York Red Bulls | B6: 2 | N6: 2 | X6: 2 | AH6: 2
A8: ='ef-FT'!E6 -> Toronto FC | B8: 3 | N8: 3 | X8: 3 | AH8: 3
A10: ='ef-FT'!E7 -> New England | B10: 4 | N10: 4 | X10: 4 | AH10: 4
A12: ='ef-FT'!E8 -> Chicago | B12: 5 | N12: 5 | X12: 5 | AH12: 5
A14: ='ef-FT'!E9 -> Kansas City | B14: 6 | N14: 6 | X14: 6 | AH14: 6
A16: ='ef-FT'!E10 -> Philadelphia Union | B16: 7 | N16: 7 | X16: 7 | AH16: 7
A18: ='ef-FT'!E11 -> DC United | B18: 8 | N18: 8 | X18: 8 | AH18: 8
B22: Western Conference
B23: - | C23: - | D23: 1 | E23: 2 | F23: 3 | G23: 4 | H23: 5 | I23: 6 | J23: 7 | K23: 8 | L23: 9 | M23: 10 | N23: 11 | O23: 12 | P23: 13 | Q23: 14 | R23: 15 | S23: 16 | T23: 17 | U23: 18 | V23: 19 | W23: 20 | X23: 21 | Y23: 22 | Z23: 23 | AA23: 24 | AB23: 25 | AC23: 26 | AD23: 27 | AE23: 28 | AF23: 29 | AG23: 30
A24: ='ef-FT'!E12 -> Los Angeles | B24: 1 | N24: 1 | X24: 1 | AH24: 1
A26: ='ef-FT'!E13 -> Real Salt Lake | B26: 2 | N26: 2 | X26: 2 | AH26: 2
A28: ='ef-FT'!E14 -> Dallas | B28: 3 | N28: 3 | X28: 3 | AH28: 3
A30: ='ef-FT'!E15 -> Seattle Sounders FC | B30: 4 | N30: 4 | X30: 4 | AH30: 4
A32: ='ef-FT'!E16 -> Colorado | B32: 5 | N32: 5 | X32: 5 | AH32: 5
A34: ='ef-FT'!E17 -> San Jose | B34: 6 | N34: 6 | X34: 6 | AH34: 6
A36: ='ef-FT'!E18 -> Houston | B36: 7 | N36: 7 | X36: 7 | AH36: 7
A38: ='ef-FT'!E19 -> Chivas USA | B38: 8 | N38: 8 | X38: 8 | AH38: 8
B41: www.excel-fixtures.com | AC41: www.excel-fixtures.com
B43: "for more Soccer Fixtures of Tournaments around the World" | AC43: "for more Soccer Fixtures of Tournaments around the World"

Sheet ef-FT
YA1: x
F2: General | R2: Home | AD2: Away | BS2: TiZo | BU2: 0.16666667 | CA2: General - General - General - General | CR2: Home - Home - Home - Home | DI2: Away - Away - Away - Away | EB2: General - General - General - General | ES2: Home - Home - Home - Home | FJ2: Away - Away - Away - Away | GA2: Choose pos - Choose pos - Choose pos - Choosepos | GR2: Choose team - Choose team - Choose team - Choose | HI2: 1 | HJ2: 2 | HK2: 3 | HL2: 4 | HM2: 5 | HN2: 6 | HO2: 7 | HP2: 8 | HQ2: 9 | HR2: 10 | HS2: 11 | HT2: 12 | HV2: Choose - Choose - Choose - Choose | JB2: Choose pos 2 - Choose pos 2 - Choose pos 2 - Choose pos2 | JS2: Choose team 2 - Choose team 2 - Choose team 2 - Choose team 2 | KO2: 1 | KV2: =KO2+1 -> 2 | LC2: =KV2+1 -> 3 | LJ2: =LC2+1 -> 4 | LQ2: =LJ2+1 -> 5 | LX2: =LQ2+1 -> 6 | ME2: =LX2+1 -> 7 | ML2: =ME2+1 -> 8 | MS2: =ML2+1 -> 9 | MZ2: =MS2+1 -> 10 | NG2: =MZ2+1 -> 11 | NN2: =NG2+1 -> 12 | NU2: =NN2+1 -> 13 | OB2: =NU2+1 -> 14 | OI2: =OB2+1 -> 15 | OP2: =OI2+1 -> 16 | OW2: =OP2+1 -> 17 | PD2: =OW2+1 -> 18 | PK2: =PD2+1 -> 19 | PR2: =PK2+1 -> 20 | PY2: =PR2+1 -> 21 | QF2: =PY2+1 -> 22 | QM2: =QF2+1 -> 23 | QT2: =QM2+1 -> 24 | RA2: =QT2+1 -> 25 | RH2: =RA2+1 -> 26 | RO2: =RH2+1 -> 27 | RV2: =RO2+1 -> 28 | SC2: =RV2+1 -> 29 | SJ2: =SC2+1 -> 30 | SQ2: =SJ2+1 -> 31 | SX2: =SQ2+1 -> 32 | TE2: =SX2+1 -> 33 | TL2: =TE2+1 -> 34 | TS2: =TL2+1 -> 35 | TZ2: =TS2+1 -> 36 | UG2: =TZ2+1 -> 37 | UN2: =UG2+1 -> 38 | UW2: 1 | UX2: 2 | UY2: 2 | UZ2: 3 | VA2: 4 | VB2: 5 | VC2: 6 | VD2: 7 | VE2: 8 | VF2: 9 | VG2: 10 | VH2: 11 | VI2: 12 | VJ2: 13 | VK2: 14 | VL2: 15 | VM2: 16 | VN2: 17 | VO2: 18 | VP2: 19 | VQ2: 20 | VR2: 21 | VS2: 22 | VT2: 23 | VU2: 24 | VV2: 25 | VW2: 26 | VX2: 27 | VY2: 28 | VZ2: 29 | WA2: 30 | WB2: 31 | WC2: 32 | WD2: 33 | WE2: 34 | WF2: 35 | WG2: 36 | WH2: 37 | WI2: =MAX(F4:F11) -> 20
D3: # | E3: Teams | F3: J | G3: G | H3: E | I3: P | J3: Ptos | K3: GF | L3: GC | M3: GF - GC | N3: GD | O3: CS-GF | P3: CS-GC | R3: J | S3: G | T3: E | U3: P | V3: Ptos | W3: GF | X3: GC | Y3: GF - GC | Z3: GD | AA3: CS-GF | AB3: CS-GC | AD3: J | AE3: G | AF3: E | AG3: P | AH3: Ptos | AI3: GF | AJ3: GC | AK3: GF - GC | AL3: GD | AM3: CS-GF | AN3: CS-GC | AV3: J | AW3: G | AX3: E | AY3: P | AZ3: Ptos | BA3: GF - GC | BB3: GD | BC3: J | BD3: G | BE3: E | BF3: P | BG3: Ptos | BH3: GF - GC | BI3: GD | BJ3: J | BK3: G | BL3: E | BM3: P | BN3: Ptos | BO3: GF - GC | BP3: GD | BS3: - 12:00 | BT3: 0.5 | BU3: =BT3-$BU$2 -> 0.33333333 | BV3: menos | CA3: Most Points | CB3: Fewest Points | CC3: Most Wins | CD3: Fewest Wins | CE3: Most Losses | CF3: Fewest Losses | CG3: Most Goal Scored | CH3: Fewest Goals Scored | CI3: Most Goals Conceded | CJ3: Fewest Goals Conceded | CK3: Highest Goal Difference | CL3: Lowest Goal Difference | CM3: Most Games Failed to Score | CN3: Fewest Games Failed to Score | CO3: Most Clean Sheets | CP3: Fewest Clean Sheets | CR3: Most Points | CS3: Fewest Points | CT3: Most Wins | CU3: Fewest Wins | CV3: Most Losses | CW3: Fewest Losses | CX3: Most Goal Scored | CY3: Fewest Goals Scored | CZ3: Most Goals Conceded | DA3: Fewest Goals Conceded | DB3: Highest Goal Difference | DC3: Lowest Goal Difference | DD3: Most Games Failed to Score | DE3: Fewest Games Failed to Score | DF3: Most Clean Sheets | DG3: Fewest Clean Sheets | DI3: Most Points | DJ3: Fewest Points | DK3: Most Wins | DL3: Fewest Wins | DM3: Most Losses | DN3: Fewest Losses | DO3: Most Goal Scored | DP3: Fewest Goals Scored | DQ3: Most Goals Conceded | DR3: Fewest Goals Conceded | DS3: Highest Goal Difference | DT3: Lowest Goal Difference | DU3: Most Games Failed to Score | DV3: Fewest Games Failed to Score | DW3: Most Clean Sheets | DX3: Fewest Clean Sheets | EB3: Most Points | EC3: Fewest Points | ED3: Most Wins | EE3: Fewest Wins | EF3: Most Losses | EG3: Fewest Losses | EH3: Most Goal Scored | EI3: Fewest Goals Scored | EJ3: Most Goals Conceded | EK3: Fewest Goals Conceded | EL3: Highest Goal Difference | EM3: Lowest Goal Difference | EN3: Most Games Failed to Score | EO3: Fewest Games Failed to Score | EP3: Most Clean Sheets | EQ3: Fewest Clean Sheets | ES3: Most Points | ET3: Fewest Points | EU3: Most Points | EV3: Fewest Points | EW3: Most Wins | EX3: Fewest Wins | EY3: Most Losses | EZ3: Fewest Losses | FA3: Most Goal Scored | FB3: Fewest Goals Scored | FC3: Highest Goal Difference | FD3: Lowest Goal Difference | FE3: Most Games Failed to Score | FF3: Fewest Games Failed to Score | FG3: Most Clean Sheets | FH3: Fewest Clean Sheets | FJ3: Most Points | FK3: Fewest Points | FL3: Most Wins | FM3: Fewest Wins | FN3: Most Losses | FO3: Fewest Losses | FP3: Most Goal Scored | FQ3: Fewest Goals Scored | FR3: Fewest Goals Conceded | FS3: Most Goals Conceded | FT3: Highest Goal Difference | FU3: Lowest Goal Difference | FV3: Most Games Failed to Score | FW3: Fewest Games Failed to Score | FX3: Most Clean Sheets | FY3: Fewest Clean Sheets | GA3: Most Points | GB3: Fewest Points | GC3: Most Wins | GD3: Fewest Wins | GE3: Most Losses | GF3: Fewest Losses | GG3: Most Goal Scored | GH3: Fewest Goals Scored | GI3: Fewest Goals Conceded | GJ3: Most Goals Conceded | GK3: Highest Goal Difference | GL3: Lowest Goal Difference | GM3: Most Games Failed to Score | GN3: Fewest Games Failed to Score | GO3: Most Clean Sheets | GP3: Fewest Clean Sheets | GR3: Most Points | GS3: Fewest Points | GT3: Most Wins | GU3: Fewest Wins | GV3: Most Losses | GW3: Fewest Losses | GX3: Most Goal Scored | GY3: Fewest Goals Scored | GZ3: Fewest Goals Conceded | HA3: Most Goals Conceded | HB3: Highest Goal Difference | HC3: Lowest Goal Difference | HD3: Most Games Failed to Score | HE3: Fewest Games Failed to Score | HF3: Most Clean Sheets | HG3: Fewest Clean Sheets | HJ3: J | HK3: G | HL3: E | HM3: P | HN3: Ptos | HO3: GF | HP3: GC | HQ3: GF - GC | HR3: GD | HS3: CS-GF | HT3: CS-GC | HV3: Most Points | HW3: Fewest Points | HX3: Most Wins | HY3: Fewest Wins | HZ3: Most Losses | IA3: Fewest Losses | IB3: Most Goal Scored | IC3: Fewest Goals Scored | ID3: Fewest Goals Conceded | IE3: Most Goals Conceded | IF3: Highest Goal Difference | IG3: Lowest Goal Difference | IH3: Most Games Failed to Score | II3: Fewest Games Failed to Score | IJ3: Most Clean Sheets | IK3: Fewest Clean Sheets | IO3: Type | IP3: No | IQ3: Total | IR3: % | IS3: Pos | IU3: Type | IV3: No | IW3: Total | IX3: % | IY3: Pos | JB3: Most Points | JC3: Fewest Points | JD3: Most Wins | JE3: Fewest Wins | JF3: Most Losses | JG3: Fewest Losses | JH3: Most Goal Scored | JI3: Fewest Goals Scored | JJ3: Fewest Goals Conceded | JK3: Most Goals Conceded | JL3: Highest Goal Difference | JM3: Lowest Goal Difference | JN3: Most Games Failed to Score | JO3: Fewest Games Failed to Score | JP3: Most Clean Sheets | JQ3: Fewest Clean Sheets | JS3: Most Points | JT3: Fewest Points | JU3: Most Wins | JV3: Fewest Wins | JW3: Most Losses | JX3: Fewest Losses | JY3: Most Goal Scored | JZ3: Fewest Goals Scored | KA3: Fewest Goals Conceded | KB3: Most Goals Conceded | KC3: Highest Goal Difference | KD3: Lowest Goal Difference | KE3: Most Games Failed to Score | KF3: Fewest Games Failed to Score | KG3: Most Clean Sheets | KH3: Fewest Clean Sheets | KM3: # | KN3: Teams | KO3: Ptos | KP3: GF | KQ3: GC | KU3: 1 | KV3: Ptos | KW3: GF | KX3: GC | LB3: =KU3+1 -> 2 | LC3: Ptos | LD3: GF | LE3: GC | LI3: =LB3+1 -> 3 | LJ3: Ptos | LK3: GF | LL3: GC | LP3: =LI3+1 -> 4 | LQ3: Ptos | LR3: GF | LS3: GC | LW3: =LP3+1 -> 5 | LX3: Ptos | LY3: GF | LZ3: GC | MD3: =LW3+1 -> 6 | ME3: Ptos | MF3: GF | MG3: GC | MK3: =MD3+1 -> 7 | ML3: Ptos | MM3: GF | MN3: GC | MR3: =MK3+1 -> 8 | MS3: Ptos | MT3: GF | MU3: GC | MY3: =MR3+1 -> 9 | MZ3: Ptos | NA3: GF | NB3: GC | NF3: =MY3+1 -> 10 | NG3: Ptos | NH3: GF | NI3: GC | NM3: =NF3+1 -> 11 | NN3: Ptos | NO3: GF | NP3: GC | NT3: =NM3+1 -> 12 | NU3: Ptos | NV3: GF | NW3: GC | OA3: =NT3+1 -> 13 | OB3: Ptos | OC3: GF | OD3: GC | OH3: =OA3+1 -> 14 | OI3: Ptos | OJ3: GF | OK3: GC | OO3: =OH3+1 -> 15 | OP3: Ptos | OQ3: GF | OR3: GC | OV3: =OO3+1 -> 16 | OW3: Ptos | OX3: GF | OY3: GC | PC3: =OV3+1 -> 17 | PD3: Ptos | PE3: GF | PF3: GC | PJ3: =PC3+1 -> 18 | PK3: Ptos | PL3: GF | PM3: GC | PQ3: =PJ3+1 -> 19 | PR3: Ptos | PS3: GF | PT3: GC | PX3: =PQ3+1 -> 20 | PY3: Ptos | PZ3: GF | QA3: GC | QE3: =PX3+1 -> 21 | QF3: Ptos | QG3: GF | QH3: GC | QL3: =QE3+1 -> 22 | QM3: Ptos | QN3: GF | QO3: GC | QS3: =QL3+1 -> 23 | QT3: Ptos | QU3: GF | QV3: GC | QZ3: =QS3+1 -> 24 | RA3: Ptos | RB3: GF | RC3: GC | RG3: =QZ3+1 -> 25 | RH3: Ptos | RI3: GF | RJ3: GC | RN3: =RG3+1 -> 26 | RO3: Ptos | RP3: GF | RQ3: GC | RU3: =RN3+1 -> 27 | RV3: Ptos | RW3: GF | RX3: GC | SB3: =RU3+1 -> 28 | SC3: Ptos | SD3: GF | SE3: GC | SI3: =SB3+1 -> 29 | SJ3: Ptos | SK3: GF | SL3: GC | SP3: =SI3+1 -> 30 | SQ3: Ptos | SR3: GF | SS3: GC | SW3: =SP3+1 -> 31 | SX3: Ptos | SY3: GF | SZ3: GC | TD3: =SW3+1 -> 32 | TE3: Ptos | TF3: GF | TG3: GC | TK3: =TD3+1 -> 33 | TL3: Ptos | TM3: GF | TN3: GC | TR3: =TK3+1 -> 34 | TS3: Ptos | TT3: GF | TU3: GC | TY3: =TR3+1 -> 35 | TZ3: Ptos | UA3: GF | UB3: GC | UF3: =TY3+1 -> 36 | UG3: Ptos | UH3: GF | UI3: GC | UM3: =UF3+1 -> 37 | UN3: Ptos | UO3: GF | UP3: GC | UT3: =UM3+1 -> 38 | UX3: 7 | UY3: =UX3+$UX3 -> 14 | UZ3: =UY3+$UX3 -> 21 | VA3: =UZ3+$UX3 -> 28 | VB3: =VA3+$UX3 -> 35 | VC3: =VB3+$UX3 -> 42 | VD3: =VC3+$UX3 -> 49 | VE3: =VD3+$UX3 -> 56 | VF3: =VE3+$UX3 -> 63 | ... WH3: =WG3+$UX3 -> 259 | WI3: =MAX(F12:F19) -> 21 | WN3: 1 | WO3: 2 | WP3: 3 | WQ3: 4 | WR3: 5 | WS3: 6 | WT3: 7 | WU3: 8 | WV3: 9 | WW3: 10 | WX3: 11 | WY3: 12 | WZ3: 13 | XA3: 14 | XB3: 15 | XC3: 16 | XD3: 17 | XE3: 18 | XF3: 19 | XG3: 20 | XH3: 21 | XI3: 22 | XJ3: 23 | XK3: 24 | XL3: 25 | XM3: 26 | XN3: 27 | XO3: 28 | XP3: 29 | XQ3: 30 | XR3: 31 | XS3: 32 | XT3: 33 | XU3: 34 | XV3: 35 | XW3: 36 | XX3: 37 | XY3: 38 | YE3: -1 | YF3: 0 | YG3: 1 | YH3: 2 | YI3: 3 | YJ3: 4 | YK3: 5 | YL3: 6 | YM3: 7 | YN3: 8 | YO3: 9 | YP3: 10 | YQ3: 11 | YR3: 12 | YS3: 13 | YT3: 14 | YU3: 15 | YV3: 16 | YW3: 17 | YX3: 18 | YY3: 19 | YZ3: 20 | ZA3: 21 | ZB3: 22 | ZC3: 23 | ZD3: 24 | ZE3: 25 | ZF3: 26 | ZG3: 27 | ZH3: 28 | ZI3: 29 | ZJ3: 30 | ZK3: 31 | ZL3: 32 | ZM3: 33 | ZN3: 34 | ZO3: 35 | ZP3: 36 | ZQ3: 37 | ZR3: 38
D4: 1 | E4: Columbus | F4: =SUMIF('ef-FT'!$C$2001:$C$3800,$E4,'ef-FT'!$E$2001:$E$3800) -> 20 | G4: =SUMIF('ef-FT'!$C$2001:$C$3800,$E4,'ef-FT'!$F$2001:$F$3800) -> 11 | H4: =SUMIF('ef-FT'!$C$2001:$C$3800,$E4,'ef-FT'!$G$2001:$G$3800) -> 4 | I4: =SUMIF('ef-FT'!$C$2001:$C$3800,$E4,'ef-FT'!$H$2001:$H$3800) -> 5 | J4: =SUMIF('ef-FT'!$C$2001:$C$3800,$E4,'ef-FT'!$D$2001:$D$3800) -> 37 | K4: =SUMIF('ef-FT'!$C$2001:$C$3800,$E4,'ef-FT'!$I$2001:$I$3800) -> 28 | L4: =SUMIF('ef-FT'!$C$2001:$C$3800,$E4,'ef-FT'!$J$2001:$J$3800) -> 19 | M4: =CONCATENATE(K4, " - ",L4) -> 28 - 19 | N4: =K4-L4 -> 9 | O4: =SUMIF('ef-FT'!$C$2001:$C$3800,$E4,'ef-FT'!$K$2001:$K$3800) -> 5 | P4: =SUMIF('ef-FT'!$C$2001:$C$3800,$E4,'ef-FT'!$L$2001:$L$3800) -> 8 | R4: =SUMIF('ef-FT'!$C$2001:$C$2999,$E4,'ef-FT'!$E$2001:$E$2999) -> 10 | S4: =SUMIF('ef-FT'!$C$2001:$C$2999,$E4,'ef-FT'!$F$2001:$F$2999) -> 8 | T4: =SUMIF('ef-FT'!$C$2001:$C$2999,$E4,'ef-FT'!$G$2001:$G$2999) -> 0 | U4: =SUMIF('ef-FT'!$C$2001:$C$2999,$E4,'ef-FT'!$H$2001:$H$2999) -> 2 | V4: =SUMIF('ef-FT'!$C$2001:$C$2999,$E4,'ef-FT'!$D$2001:$D$2999) -> 24 | W4: =SUMIF('ef-FT'!$C$2001:$C$2999,$E4,'ef-FT'!$I$2001:$I$2999) -> 16 | X4: =SUMIF('ef-FT'!$C$2001:$C$2999,$E4,'ef-FT'!$J$2001:$J$2999) -> 6 | Y4: =CONCATENATE(W4, " - ",X4) -> 16 - 6 | Z4: =W4-X4 -> 10 | AA4: =SUMIF('ef-FT'!$C$2001:$C$2999,$E4,'ef-FT'!$K$2001:$K$2999) -> 2 | AB4: =SUMIF('ef-FT'!$C$2001:$C$2999,$E4,'ef-FT'!$L$2001:$L$2999) -> 6 | AD4: =SUMIF('ef-FT'!$C$3000:$C$3800,$E4,'ef-FT'!$E$3000:$E$3800) -> 10 | AE4: =SUMIF('ef-FT'!$C$3000:$C$3800,$E4,'ef-FT'!$F$3000:$F$3800) -> 3 | AF4: =SUMIF('ef-FT'!$C$3000:$C$3800,$E4,'ef-FT'!$G$3000:$G$3800) -> 4 | AG4: =SUMIF('ef-FT'!$C$3000:$C$3800,$E4,'ef-FT'!$H$3000:$H$3800) -> 3 | AH4: =SUMIF('ef-FT'!$C$3000:$C$3800,$E4,'ef-FT'!$D$3000:$D$3800) -> 13 | AI4: =SUMIF('ef-FT'!$C$3000:$C$3800,$E4,'ef-FT'!$I$3000:$I$3800) -> 12 | AJ4: =SUMIF('ef-FT'!$C$3000:$C$3800,$E4,'ef-FT'!$J$3000:$J$3800) -> 13 | AK4: =CONCATENATE(AI4, " - ",AJ4) -> 12 - 13 | AL4: =AI4-AJ4 -> -1 | AM4: =SUMIF('ef-FT'!$C$3000:$C$3800,$E4,'ef-FT'!$K$3000:$K$3800) -> 3 | AN4: =SUMIF('ef-FT'!$C$3000:$C$3800,$E4,'ef-FT'!$L$3000:$L$3800) -> 2 | AP4: 0.3 | AQ4: =IF(E4=0,-10000000000,1000000000000+J4*100000000+N4*10000+K4+AP4) -> 1.0037001e+12 | AR4: 1 | AS4: =LARGE($AQ$4:$AQ$11,D4) -> 1.0037001e+12 | AT4: =VLOOKUP(AS4,$AQ$4:$AR$33,2,0) -> 1 | AU4: =VLOOKUP(AT4,$D$4:$N$33,2,0) -> Columbus | AV4: =VLOOKUP(AT4,$D$4:$N$33,3,0) -> 20 | AW4: =VLOOKUP(AT4,$D$4:$N$33,4,0) -> 11 | AX4: =VLOOKUP(AT4,$D$4:$N$33,5,0) -> 4 | AY4: =VLOOKUP(AT4,$D$4:$N$33,6,0) -> 5 | AZ4: =VLOOKUP(AT4,$D$4:$N$33,7,0) -> 37 | BA4: =VLOOKUP(AT4,$D$4:$N$33,10,0) -> 28 - 19 | BB4: =VLOOKUP(AT4,$D$4:$N$33,11,0) -> 9 | BC4: =VLOOKUP($AT4,$D$4:R$33,15,0) -> 10 | BD4: =VLOOKUP($AT4,$D$4:S$33,16,0) -> 8 | BE4: =VLOOKUP($AT4,$D$4:T$33,17,0) -> 0 | BF4: =VLOOKUP($AT4,$D$4:U$33,18,0) -> 2 | BG4: =VLOOKUP($AT4,$D$4:V$33,19,0) -> 24 | BH4: =VLOOKUP($AT4,$D$4:Y$33,22,0) -> 16 - 6 | BI4: =VLOOKUP($AT4,$D$4:Z$33,23,0) -> 10 | BJ4: =VLOOKUP($AT4,$D$4:AD$33,27,0) -> 10 | BK4: =VLOOKUP($AT4,$D$4:AE$33,28,0) -> 3 | BL4: =VLOOKUP($AT4,$D$4:AF$33,29,0) -> 4 | BM4: =VLOOKUP($AT4,$D$4:AG$33,30,0) -> 3 | BN4: =VLOOKUP($AT4,$D$4:AH$33,31,0) -> 13 | BO4: =VLOOKUP($AT4,$D$4:AK$35,34,0) -> 12 - 13 | BP4: =VLOOKUP($AT4,$D$4:AL$35,35,0) -> -1 | BS4: - 11:00 | BT4: 0.45833333 | BU4: =BT4-$BU$2 -> 0.29166667 | BV4: menos | CA4: =IF($E4=0,-1+$AP4,J4+$AP4) -> 37.3 | CB4: =IF(CA4<0,100000-$AP4,J4-$AP4) -> 36.7 | CC4: =IF($E4=0,-1+$AP4,G4+$AP4) -> 11.3 | CD4: =IF(CC4<0,100000-$AP4,G4-$AP4) -> 10.7 | CE4: =IF($E4=0,-1+$AP4,I4+$AP4) -> 5.3 | CF4: =IF(CE4<0,100000-$AP4,I4-$AP4) -> 4.7 | CG4: =IF($E4=0,-1+$AP4,K4+$AP4) -> 28.3 | CH4: =IF(CG4<0,100000-$AP4,K4-$AP4) -> 27.7 | CI4: =IF($E4=0,-1+$AP4,L4+$AP4) -> 19.3 | CJ4: =IF(CI4<0,100000-$AP4,L4-$AP4) -> 18.7 | CK4: =IF($E4=0,-100000+$AP4,N4+$AP4) -> 9.3 | CL4: =IF(CK4<-50000,100000+$AP4,N4-$AP4) -> 8.7 | CM4: =IF($E4=0,-1+$AP4,O4+$AP4) -> 5.3 | CN4: =IF(CM4<0,100000-$AP4,O4-$AP4) -> 4.7 | CO4: =IF($E4=0,-1+$AP4,P4+$AP4) -> 8.3 | CP4: =IF(CO4<0,100000-$AP4,P4-$AP4) -> 7.7 | CR4: =IF($E4=0,-1+$AP4,V4+$AP4) -> 24.3 | CS4: =IF(CR4<0,100000-$AP4,V4-$AP4) -> 23.7 | CT4: =IF($E4=0,-1+$AP4,S4+$AP4) -> 8.3 | CU4: =IF(CT4<0,100000-$AP4,S4-$AP4) -> 7.7 | CV4: =IF($E4=0,-1+$AP4,U4+$AP4) -> 2.3 | CW4: =IF(CV4<0,100000-$AP4,U4-$AP4) -> 1.7 | CX4: =IF($E4=0,-1+$AP4,W4+$AP4) -> 16.3 | CY4: =IF(CX4<0,100000-$AP4,W4-$AP4) -> 15.7 | CZ4: =IF($E4=0,-1+$AP4,X4+$AP4) -> 6.3 | DA4: =IF(CZ4<0,100000-$AP4,X4-$AP4) -> 5.7 | DB4: =IF($E4=0,-100000+$AP4,Z4+$AP4) -> 10.3 | DC4: =IF(DB4<-50000,100000+$AP4,Z4-$AP4) -> 9.7 | DD4: =IF($E4=0,-1+$AP4,AA4+$AP4) -> 2.3 | DE4: =IF(DD4<0,100000-$AP4,AA4-$AP4) -> 1.7 | DF4: =IF($E4=0,-1+$AP4,AB4+$AP4) -> 6.3 | DG4: =IF(DF4<0,100000-$AP4,AB4-$AP4) -> 5.7 | DI4: =IF($E4=0,-1+$AP4,AH4+$AP4) -> 13.3 | DJ4: =IF(DI4<0,100000-$AP4,AH34-$AP4) -> -0.3 | DK4: =IF($E4=0,-1+$AP4,AE4+$AP4) -> 3.3 | DL4: =IF(DK4<0,100000-$AP4,AE4-$AP4) -> 2.7 | DM4: =IF($E4=0,-1+$AP4,AG4+$AP4) -> 3.3 | DN4: =IF(DM4<0,100000-$AP4,AG4-$AP4) -> 2.7 | DO4: =IF($E4=0,-1+$AP4,AI4+$AP4) -> 12.3 | DP4: =IF(DO4<0,100000-$AP4,AI4-$AP4) -> 11.7 | DQ4: =IF($E4=0,-1+$AP4,AJ4+$AP4) -> 13.3 | DR4: =IF(DQ4<0,100000-$AP4,AJ4-$AP4) -> 12.7 | DS4: =IF($E4=0,-100000+$AP4,AL4+$AP4) -> -0.7 | DT4: =IF(DS4<-50000,100000+$AP4,AL4-$AP4) -> -1.3 | DU4: =IF($E4=0,-1+$AP4,AM4+$AP4) -> 3.3 | DV4: =IF(DU4<0,100000-$AP4,AM4-$AP4) -> 2.7 | DW4: =IF($E4=0,-1+$AP4,AN4+$AP4) -> 2.3 | DX4: =IF(DW4<0,100000-$AP4,AN4-$AP4) -> 1.7 | DZ4: 1 | EA4: 30 | EB4: =MATCH(LARGE(CA$4:CA$33,$DZ4),CA$4:CA$33,0) -> 9 | EC4: =MATCH(LARGE(CB$4:CB$33,$EA4),CB$4:CB$33,0) -> 8 | ED4: =MATCH(LARGE(CC$4:CC$33,$DZ4),CC$4:CC$33,0) -> 9 | EE4: =MATCH(LARGE(CD$4:CD$33,$EA4),CD$4:CD$33,0) -> 8 | EF4: =MATCH(LARGE(CE$4:CE$33,$DZ4),CE$4:CE$33,0) -> 8 | EG4: =MATCH(LARGE(CF$4:CF$33,$EA4),CF$4:CF$33,0) -> 11 | EH4: =MATCH(LARGE(CG$4:CG$33,$DZ4),CG$4:CG$33,0) -> 10 | EI4: =MATCH(LARGE(CH$4:CH$33,$EA4),CH$4:CH$33,0) -> 8 | EJ4: =MATCH(LARGE(CI$4:CI$33,$DZ4),CI$4:CI$33,0) -> 8 | EK4: =MATCH(LARGE(CJ$4:CJ$33,$EA4),CJ$4:CJ$33,0) -> 9 | EL4: =MATCH(LARGE(CK$4:CK$33,$DZ4),CK$4:CK$33,0) -> 10 | EM4: =MATCH(LARGE(CL$4:CL$33,$EA4),CL$4:CL$33,0) -> 8 | EN4: =MATCH(LARGE(CM$4:CM$33,$DZ4),CM$4:CM$33,0) -> 8 | EO4: =MATCH(LARGE(CN$4:CN$33,$EA4),CN$4:CN$33,0) -> 11 | EP4: =MATCH(LARGE(CO$4:CO$33,$DZ4),CO$4:CO$33,0) -> 9 | EQ4: =MATCH(LARGE(CP$4:CP$33,$EA4),CP$4:CP$33,0) -> 7 | ES4: =MATCH(LARGE(CR$4:CR$33,$DZ4),CR$4:CR$33,0) -> 10 | ET4: =MATCH(LARGE(CS$4:CS$33,$EA4),CS$4:CS$33,0) -> 8 | EU4: =MATCH(LARGE(CT$4:CT$33,$DZ4),CT$4:CT$33,0) -> 1 | EV4: =MATCH(LARGE(CU$4:CU$33,$EA4),CU$4:CU$33,0) -> 5 | EW4: =MATCH(LARGE(CV$4:CV$33,$DZ4),CV$4:CV$33,0) -> 8 | EX4: =MATCH(LARGE(CW$4:CW$33,$EA4),CW$4:CW$33,0) -> 3 | EY4: =MATCH(LARGE(CX$4:CX$33,$DZ4),CX$4:CX$33,0) -> 10 | EZ4: =MATCH(LARGE(CY$4:CY$33,$EA4),CY$4:CY$33,0) -> 8 | FA4: =MATCH(LARGE(CZ$4:CZ$33,$DZ4),CZ$4:CZ$33,0) -> 8 | FB4: =MATCH(LARGE(DA$4:DA$33,$EA4),DA$4:DA$33,0) -> 3 | FC4: =MATCH(LARGE(DB$4:DB$33,$DZ4),DB$4:DB$33,0) -> 10 | FD4: =MATCH(LARGE(DC$4:DC$33,$EA4),DC$4:DC$33,0) -> 8 | FE4: =MATCH(LARGE(DD$4:DD$33,$DZ4),DD$4:DD$33,0) -> 8 | FF4: =MATCH(LARGE(DE$4:DE$33,$EA4),DE$4:DE$33,0) -> 7 | FG4: =MATCH(LARGE(DF$4:DF$33,$DZ4),DF$4:DF$33,0) -> 1 | FH4: =MATCH(LARGE(DG$4:DG$33,$EA4),DG$4:DG$33,0) -> 7 | FJ4: =MATCH(LARGE(DI$4:DI$33,$DZ4),DI$4:DI$33,0) -> 9 | FK4: =MATCH(LARGE(DJ$4:DJ$33,$EA4),DJ$4:DJ$33,0) -> 1 | FL4: =MATCH(LARGE(DK$4:DK$33,$DZ4),DK$4:DK$33,0) -> 9 | FM4: =MATCH(LARGE(DL$4:DL$33,$EA4),DL$4:DL$33,0) -> 3 | FN4: =MATCH(LARGE(DM$4:DM$33,$DZ4),DM$4:DM$33,0) -> 7 | FO4: =MATCH(LARGE(DN$4:DN$33,$EA4),DN$4:DN$33,0) -> 11 | FP4: =MATCH(LARGE(DO$4:DO$33,$DZ4),DO$4:DO$33,0) -> 9 | FQ4: =MATCH(LARGE(DP$4:DP$33,$EA4),DP$4:DP$33,0) -> 6 | FR4: =MATCH(LARGE(DQ$4:DQ$33,$DZ4),DQ$4:DQ$33,0) -> 7 | FS4: =MATCH(LARGE(DR$4:DR$33,$EA4),DR$4:DR$33,0) -> 9 | FT4: =MATCH(LARGE(DS$4:DS$33,$DZ4),DS$4:DS$33,0) -> 9 | FU4: =MATCH(LARGE(DT$4:DT$33,$EA4),DT$4:DT$33,0) -> 8 | FV4: =MATCH(LARGE(DU$4:DU$33,$DZ4),DU$4:DU$33,0) -> 8 | FW4: =MATCH(LARGE(DV$4:DV$33,$EA4),DV$4:DV$33,0) -> 11 | FX4: =MATCH(LARGE(DW$4:DW$33,$DZ4),DW$4:DW$33,0) -> 9 | FY4: =MATCH(LARGE(DX$4:DX$33,$EA4),DX$4:DX$33,0) -> 7 | GA4: =IF(lg!$C$18=1,EB4,IF(lg!$C$18=2,ES4,FJ4)) -> 9 | GB4: =IF(lg!$C$18=1,EC4,IF(lg!$C$18=2,ET4,FK4)) -> 8 | GC4: =IF(lg!$C$18=1,ED4,IF(lg!$C$18=2,EU4,FL4)) -> 9 | GD4: =IF(lg!$C$18=1,EE4,IF(lg!$C$18=2,EV4,FM4)) -> 8 | GE4: =IF(lg!$C$18=1,EF4,IF(lg!$C$18=2,EW4,FN4)) -> 8 | GF4: =IF(lg!$C$18=1,EG4,IF(lg!$C$18=2,EX4,FO4)) -> 11 | GG4: =IF(lg!$C$18=1,EH4,IF(lg!$C$18=2,EY4,FP4)) -> 10 | GH4: =IF(lg!$C$18=1,EI4,IF(lg!$C$18=2,EZ4,FQ4)) -> 8 | ... GP4: =IF(lg!$C$18=1,EQ4,IF(lg!$C$18=2,FH4,FY4)) -> 7 | GR4: =VLOOKUP(GA4,$D$4:$E$33,2,0) -> Los Angeles | GS4: =VLOOKUP(GB4,$D$4:$E$33,2,0) -> DC United | GT4: =VLOOKUP(GC4,$D$4:$E$33,2,0) -> Los Angeles | GU4: =VLOOKUP(GD4,$D$4:$E$33,2,0) -> DC United | GV4: =VLOOKUP(GE4,$D$4:$E$33,2,0) -> DC United | GW4: =VLOOKUP(GF4,$D$4:$E$33,2,0) -> Dallas | GX4: =VLOOKUP(GG4,$D$4:$E$33,2,0) -> Real Salt Lake | GY4: =VLOOKUP(GH4,$D$4:$E$33,2,0) -> DC United | ... HG4: =VLOOKUP(GP4,$D$4:$E$33,2,0) -> Philadelphia Union | HI4: 1 | HJ4: =IF(lg!$C$18=1,F4,IF(lg!$C$18=2,R4,AD4)) -> 20 | HK4: =IF(lg!$C$18=1,G4,IF(lg!$C$18=2,S4,AE4)) -> 11 | HL4: =IF(lg!$C$18=1,H4,IF(lg!$C$18=2,T4,AF4)) -> 4 | HM4: =IF(lg!$C$18=1,I4,IF(lg!$C$18=2,U4,AG4)) -> 5 | HN4: =IF(lg!$C$18=1,J4,IF(lg!$C$18=2,V4,AH4)) -> 37 | HO4: =IF(lg!$C$18=1,K4,IF(lg!$C$18=2,W4,AI4)) -> 28 | HP4: =IF(lg!$C$18=1,L4,IF(lg!$C$18=2,X4,AJ4)) -> 19 | HQ4: =IF(lg!$C$18=1,M4,IF(lg!$C$18=2,Y4,AK4)) -> 28 - 19 | ... HT4: =IF(lg!$C$18=1,P4,IF(lg!$C$18=2,AB4,AN4)) -> 8 | HV4: =VLOOKUP(GA4,$HI$4:$HT$33,6,0) -> 43 | HW4: =VLOOKUP(GB4,$HI$4:$HT$33,6,0) -> 12 | HX4: =VLOOKUP(GC4,$HI$4:$HT$33,3,0) -> 13 | HY4: =VLOOKUP(GD4,$HI$4:$HT$33,3,0) -> 3 | HZ4: =VLOOKUP(GE4,$HI$4:$HT$33,5,0) -> 14 | IA4: =VLOOKUP(GF4,$HI$4:$HT$33,5,0) -> 2 | IB4: =VLOOKUP(GG4,$HI$4:$HT$33,7,0) -> 36 | IC4: =VLOOKUP(GH4,$HI$4:$HT$33,7,0) -> 13 | ID4: =VLOOKUP(GI4,$HI$4:$HT$33,8,0) -> 35 | IE4: =VLOOKUP(GJ4,$HI$4:$HT$33,8,0) -> 13 | IF4: =VLOOKUP(GK4,$HI$4:$HT$33,10,0) -> 20 | IG4: =VLOOKUP(GL4,$HI$4:$HT$33,10,0) -> -22 | IH4: =VLOOKUP(GM4,$HI$4:$HT$33,11,0) -> 13 | II4: =VLOOKUP(GN4,$HI$4:$HT$33,11,0) -> 1 | IJ4: =VLOOKUP(GO4,$HI$4:$HT$33,12,0) -> 11 | IK4: =VLOOKUP(GP4,$HI$4:$HT$33,12,0) -> 0 | IN4: Points | IO4: Overall | IP4: =VLOOKUP('ef-TeamStats'!B2,Table!$B$4:$W$23,6,0) -> 43 | IQ4: =VLOOKUP('ef-TeamStats'!$B$2,Table!$B$4:$W$23,2,0) -> 20 | IR4: =IF(IQ4=0,0,IP4/IQ4) -> 2.15 | IS4: =MATCH('ef-TeamStats'!$B$2,$JS$4:$JS$33,0) -> 1 | IU4: Overall | IV4: =VLOOKUP('ef-TeamStats'!G2,Table!$B$4:$W$23,6,0) -> 33 | IW4: =VLOOKUP('ef-TeamStats'!$G$2,Table!$B$4:$W$23,2,0) -> 19 | IX4: =IF(IW4=0,0,IV4/IW4) -> 1.7368421 | IY4: =MATCH('ef-TeamStats'!$G$2,$JS$4:$JS$33,0) -> 4 | JB4: =IF(lg!$F$18=1,EB4,IF(lg!$F$18=2,ES4,FJ4)) -> 9 | JC4: =IF(lg!$F$18=1,EC4,IF(lg!$F$18=2,ET4,FK4)) -> 8 | JD4: =IF(lg!$F$18=1,ED4,IF(lg!$F$18=2,EU4,FL4)) -> 9 | JE4: =IF(lg!$F$18=1,EE4,IF(lg!$F$18=2,EV4,FM4)) -> 8 | JF4: =IF(lg!$F$18=1,EF4,IF(lg!$F$18=2,EW4,FN4)) -> 8 | JG4: =IF(lg!$F$18=1,EG4,IF(lg!$F$18=2,EX4,FO4)) -> 11 | JH4: =IF(lg!$F$18=1,EH4,IF(lg!$F$18=2,EY4,FP4)) -> 10 | JI4: =IF(lg!$F$18=1,EI4,IF(lg!$F$18=2,EZ4,FQ4)) -> 8 | ... JQ4: =IF(lg!$F$18=1,EQ4,IF(lg!$F$18=2,FH4,FY4)) -> 7 | JS4: =VLOOKUP(JB4,$D$4:$E$33,2,0) -> Los Angeles | JT4: =VLOOKUP(JC4,$D$4:$E$33,2,0) -> DC United | JU4: =VLOOKUP(JD4,$D$4:$E$33,2,0) -> Los Angeles | JV4: =VLOOKUP(JE4,$D$4:$E$33,2,0) -> DC United | JW4: =VLOOKUP(JF4,$D$4:$E$33,2,0) -> DC United | JX4: =VLOOKUP(JG4,$D$4:$E$33,2,0) -> Dallas | JY4: =VLOOKUP(JH4,$D$4:$E$33,2,0) -> Real Salt Lake | JZ4: =VLOOKUP(JI4,$D$4:$E$33,2,0) -> DC United | ... KH4: =VLOOKUP(JQ4,$D$4:$E$33,2,0) -> Philadelphia Union | KL4: 0.3 | KM4: 1 | KN4: =E4 -> Columbus | KO4: =IF(ISERROR(VLOOKUP(CONCATENATE($KN4,KO$2),$N$2001:$Q$3800,2,0)),0,VLOOKUP(CONCATENATE($KN4,KO$2),$N$2001:$Q$3800,2,0)) -> 3 | KP4: =IF(ISERROR(VLOOKUP(CONCATENATE($KN4,KO$2),$N$2001:$Q$3800,3,0)),0,VLOOKUP(CONCATENATE($KN4,KO$2),$N$2001:$Q$3800,3,0)) -> 2 | KQ4: =IF(ISERROR(VLOOKUP(CONCATENATE($KN4,KO$2),$N$2001:$Q$3800,4,0)),0,VLOOKUP(CONCATENATE($KN4,KO$2),$N$2001:$Q$3800,4,0)) -> 0 | KR4: =IF($KN4=0,-10000000000,1000000000000+KO4*100000000+(KP4-KQ4)*10000+$KL4+KP4) -> 1.0003e+12 | KU4: =RANK(KR4,KR$4:KR$11) -> 2 | KV4: =IF(ISERROR(VLOOKUP(CONCATENATE($KN4,KV$2),$N$2001:$Q$3800,2,0)),0,VLOOKUP(CONCATENATE($KN4,KV$2),$N$2001:$Q$3800,2,0))+KO4 -> 4 | KW4: =IF(ISERROR(VLOOKUP(CONCATENATE($KN4,KV$2),$N$2001:$Q$3800,3,0)),0,VLOOKUP(CONCATENATE($KN4,KV$2),$N$2001:$Q$3800,3,0))+KP4 -> 4 | KX4: =IF(ISERROR(VLOOKUP(CONCATENATE($KN4,KV$2),$N$2001:$Q$3800,4,0)),0,VLOOKUP(CONCATENATE($KN4,KV$2),$N$2001:$Q$3800,4,0))+KQ4 -> 2 | KY4: =IF($KN4=0,-10000000000,1000000000000+KV4*100000000+(KW4-KX4)*10000+$KL4+KW4) -> 1.0004e+12 | LB4: =RANK(KY4,KY$4:KY$11) -> 3 | LC4: =IF(ISERROR(VLOOKUP(CONCATENATE($KN4,LC$2),$N$2001:$Q$3800,2,0)),0,VLOOKUP(CONCATENATE($KN4,LC$2),$N$2001:$Q$3800,2,0))+KV4 -> 7 | LD4: =IF(ISERROR(VLOOKUP(CONCATENATE($KN4,LC$2),$N$2001:$Q$3800,3,0)),0,VLOOKUP(CONCATENATE($KN4,LC$2),$N$2001:$Q$3800,3,0))+KW4 -> 5 | LE4: =IF(ISERROR(VLOOKUP(CONCATENATE($KN4,LC$2),$N$2001:$Q$3800,4,0)),0,VLOOKUP(CONCATENATE($KN4,LC$2),$N$2001:$Q$3800,4,0))+KX4 -> 2 | LF4: =IF($KN4=0,-10000000000,1000000000000+LC4*100000000+(LD4-LE4)*10000+$KL4+LD4) -> 1.0007e+12 | LI4: =RANK(LF4,LF$4:LF$11) -> 1 | LJ4: =IF(ISERROR(VLOOKUP(CONCATENATE($KN4,LJ$2),$N$2001:$Q$3800,2,0)),0,VLOOKUP(CONCATENATE($KN4,LJ$2),$N$2001:$Q$3800,2,0))+LC4 -> 8 | LK4: =IF(ISERROR(VLOOKUP(CONCATENATE($KN4,LJ$2),$N$2001:$Q$3800,3,0)),0,VLOOKUP(CONCATENATE($KN4,LJ$2),$N$2001:$Q$3800,3,0))+LD4 -> 6 | LL4: =IF(ISERROR(VLOOKUP(CONCATENATE($KN4,LJ$2),$N$2001:$Q$3800,4,0)),0,VLOOKUP(CONCATENATE($KN4,LJ$2),$N$2001:$Q$3800,4,0))+LE4 -> 3 | LM4: =IF($KN4=0,-10000000000,1000000000000+LJ4*100000000+(LK4-LL4)*10000+$KL4+LK4) -> 1.0008e+12 | LP4: =RANK(LM4,LM$4:LM$11) -> 2 | LQ4: =IF(ISERROR(VLOOKUP(CONCATENATE($KN4,LQ$2),$N$2001:$Q$3800,2,0)),0,VLOOKUP(CONCATENATE($KN4,LQ$2),$N$2001:$Q$3800,2,0))+LJ4 -> 11 | LR4: =IF(ISERROR(VLOOKUP(CONCATENATE($KN4,LQ$2),$N$2001:$Q$3800,3,0)),0,VLOOKUP(CONCATENATE($KN4,LQ$2),$N$2001:$Q$3800,3,0))+LK4 -> 9 | LS4: =IF(ISERROR(VLOOKUP(CONCATENATE($KN4,LQ$2),$N$2001:$Q$3800,4,0)),0,VLOOKUP(CONCATENATE($KN4,LQ$2),$N$2001:$Q$3800,4,0))+LL4 -> 5 | LT4: =IF($KN4=0,-10000000000,1000000000000+LQ4*100000000+(LR4-LS4)*10000+$KL4+LR4) -> 1.0011e+12 | LW4: =RANK(LT4,LT$4:LT$11) -> 2 | LX4: =IF(ISERROR(VLOOKUP(CONCATENATE($KN4,LX$2),$N$2001:$Q$3800,2,0)),0,VLOOKUP(CONCATENATE($KN4,LX$2),$N$2001:$Q$3800,2,0))+LQ4 -> 14 | LY4: =IF(ISERROR(VLOOKUP(CONCATENATE($KN4,LX$2),$N$2001:$Q$3800,3,0)),0,VLOOKUP(CONCATENATE($KN4,LX$2),$N$2001:$Q$3800,3,0))+LR4 -> 10 | LZ4: =IF(ISERROR(VLOOKUP(CONCATENATE($KN4,LX$2),$N$2001:$Q$3800,4,0)),0,VLOOKUP(CONCATENATE($KN4,LX$2),$N$2001:$Q$3800,4,0))+LS4 -> 5 | MA4: =IF($KN4=0,-10000000000,1000000000000+LX4*100000000+(LY4-LZ4)*10000+$KL4+LY4) -> 1.0014001e+12 | MD4: =RANK(MA4,MA$4:MA$11) -> 2 | ME4: =IF(ISERROR(VLOOKUP(CONCATENATE($KN4,ME$2),$N$2001:$Q$3800,2,0)),0,VLOOKUP(CONCATENATE($KN4,ME$2),$N$2001:$Q$3800,2,0))+LX4 -> 17 | MF4: =IF(ISERROR(VLOOKUP(CONCATENATE($KN4,ME$2),$N$2001:$Q$3800,3,0)),0,VLOOKUP(CONCATENATE($KN4,ME$2),$N$2001:$Q$3800,3,0))+LY4 -> 13 | MG4: =IF(ISERROR(VLOOKUP(CONCATENATE($KN4,ME$2),$N$2001:$Q$3800,4,0)),0,VLOOKUP(CONCATENATE($KN4,ME$2),$N$2001:$Q$3800,4,0))+LZ4 -> 6 | MH4: =IF($KN4=0,-10000000000,1000000000000+ME4*100000000+(MF4-MG4)*10000+$KL4+MF4) -> 1.0017001e+12 | MK4: =RANK(MH4,MH$4:MH$11) -> 1 | ML4: =IF(ISERROR(VLOOKUP(CONCATENATE($KN4,ML$2),$N$2001:$Q$3800,2,0)),0,VLOOKUP(CONCATENATE($KN4,ML$2),$N$2001:$Q$3800,2,0))+ME4 -> 20 | MM4: =IF(ISERROR(VLOOKUP(CONCATENATE($KN4,ML$2),$N$2001:$Q$3800,3,0)),0,VLOOKUP(CONCATENATE($KN4,ML$2),$N$2001:$Q$3800,3,0))+MF4 -> 14 | MN4: =IF(ISERROR(VLOOKUP(CONCATENATE($KN4,ML$2),$N$2001:$Q$3800,4,0)),0,VLOOKUP(CONCATENATE($KN4,ML$2),$N$2001:$Q$3800,4,0))+MG4 -> 6 | MO4: =IF($KN4=0,-10000000000,1000000000000+ML4*100000000+(MM4-MN4)*10000+$KL4+MM4) -> 1.0020001e+12 | MR4: =RANK(MO4,MO$4:MO$11) -> 1 | MS4: =IF(ISERROR(VLOOKUP(CONCATENATE($KN4,MS$2),$N$2001:$Q$3800,2,0)),0,VLOOKUP(CONCATENATE($KN4,MS$2),$N$2001:$Q$3800,2,0))+ML4 -> 20 | MT4: =IF(ISERROR(VLOOKUP(CONCATENATE($KN4,MS$2),$N$2001:$Q$3800,3,0)),0,VLOOKUP(CONCATENATE($KN4,MS$2),$N$2001:$Q$3800,3,0))+MM4 -> 14 | MU4: =IF(ISERROR(VLOOKUP(CONCATENATE($KN4,MS$2),$N$2001:$Q$3800,4,0)),0,VLOOKUP(CONCATENATE($KN4,MS$2),$N$2001:$Q$3800,4,0))+MN4 -> 8 | MV4: =IF($KN4=0,-10000000000,1000000000000+MS4*100000000+(MT4-MU4)*10000+$KL4+MT4) -> 1.0020001e+12 | MY4: =RANK(MV4,MV$4:MV$11) -> 1 | MZ4: =IF(ISERROR(VLOOKUP(CONCATENATE($KN4,MZ$2),$N$2001:$Q$3800,2,0)),0,VLOOKUP(CONCATENATE($KN4,MZ$2),$N$2001:$Q$3800,2,0))+MS4 -> 21 | NA4: =IF(ISERROR(VLOOKUP(CONCATENATE($KN4,MZ$2),$N$2001:$Q$3800,3,0)),0,VLOOKUP(CONCATENATE($KN4,MZ$2),$N$2001:$Q$3800,3,0))+MT4 -> 16 | NB4: =IF(ISERROR(VLOOKUP(CONCATENATE($KN4,MZ$2),$N$2001:$Q$3800,4,0)),0,VLOOKUP(CONCATENATE($KN4,MZ$2),$N$2001:$Q$3800,4,0))+MU4 -> 10 | NC4: =IF($KN4=0,-10000000000,1000000000000+MZ4*100000000+(NA4-NB4)*10000+$KL4+NA4) -> 1.0021001e+12 | NF4: =RANK(NC4,NC$4:NC$11) -> 1 | NG4: =IF(ISERROR(VLOOKUP(CONCATENATE($KN4,NG$2),$N$2001:$Q$3800,2,0)),0,VLOOKUP(CONCATENATE($KN4,NG$2),$N$2001:$Q$3800,2,0))+MZ4 -> 21 | NH4: =IF(ISERROR(VLOOKUP(CONCATENATE($KN4,NG$2),$N$2001:$Q$3800,3,0)),0,VLOOKUP(CONCATENATE($KN4,NG$2),$N$2001:$Q$3800,3,0))+NA4 -> 16 | NI4: =IF(ISERROR(VLOOKUP(CONCATENATE($KN4,NG$2),$N$2001:$Q$3800,4,0)),0,VLOOKUP(CONCATENATE($KN4,NG$2),$N$2001:$Q$3800,4,0))+NB4 -> 11 | NJ4: =IF($KN4=0,-10000000000,1000000000000+NG4*100000000+(NH4-NI4)*10000+$KL4+NH4) -> 1.0021001e+12 | NM4: =RANK(NJ4,NJ$4:NJ$11) -> 1 | NN4: =IF(ISERROR(VLOOKUP(CONCATENATE($KN4,NN$2),$N$2001:$Q$3800,2,0)),0,VLOOKUP(CONCATENATE($KN4,NN$2),$N$2001:$Q$3800,2,0))+NG4 -> 24 | NO4: =IF(ISERROR(VLOOKUP(CONCATENATE($KN4,NN$2),$N$2001:$Q$3800,3,0)),0,VLOOKUP(CONCATENATE($KN4,NN$2),$N$2001:$Q$3800,3,0))+NH4 -> 18 | NP4: =IF(ISERROR(VLOOKUP(CONCATENATE($KN4,NN$2),$N$2001:$Q$3800,4,0)),0,VLOOKUP(CONCATENATE($KN4,NN$2),$N$2001:$Q$3800,4,0))+NI4 -> 11 | NQ4: =IF($KN4=0,-10000000000,1000000000000+NN4*100000000+(NO4-NP4)*10000+$KL4+NO4) -> 1.0024001e+12 | NT4: =RANK(NQ4,NQ$4:NQ$11) -> 1 | NU4: =IF(ISERROR(VLOOKUP(CONCATENATE($KN4,NU$2),$N$2001:$Q$3800,2,0)),0,VLOOKUP(CONCATENATE($KN4,NU$2),$N$2001:$Q$3800,2,0))+NN4 -> 27 | NV4: =IF(ISERROR(VLOOKUP(CONCATENATE($KN4,NU$2),$N$2001:$Q$3800,3,0)),0,VLOOKUP(CONCATENATE($KN4,NU$2),$N$2001:$Q$3800,3,0))+NO4 -> 20 | NW4: =IF(ISERROR(VLOOKUP(CONCATENATE($KN4,NU$2),$N$2001:$Q$3800,4,0)),0,VLOOKUP(CONCATENATE($KN4,NU$2),$N$2001:$Q$3800,4,0))+NP4 -> 12 | NX4: =IF($KN4=0,-10000000000,1000000000000+NU4*100000000+(NV4-NW4)*10000+$KL4+NV4) -> 1.0027001e+12 | OA4: =RANK(NX4,NX$4:NX$11) -> 1 | OB4: =IF(ISERROR(VLOOKUP(CONCATENATE($KN4,OB$2),$N$2001:$Q$3800,2,0)),0,VLOOKUP(CONCATENATE($KN4,OB$2),$N$2001:$Q$3800,2,0))+NU4 -> 28 | OC4: =IF(ISERROR(VLOOKUP(CONCATENATE($KN4,OB$2),$N$2001:$Q$3800,3,0)),0,VLOOKUP(CONCATENATE($KN4,OB$2),$N$2001:$Q$3800,3,0))+NV4 -> 20 | OD4: =IF(ISERROR(VLOOKUP(CONCATENATE($KN4,OB$2),$N$2001:$Q$3800,4,0)),0,VLOOKUP(CONCATENATE($KN4,OB$2),$N$2001:$Q$3800,4,0))+NW4 -> 12 | OE4: =IF($KN4=0,-10000000000,1000000000000+OB4*100000000+(OC4-OD4)*10000+$KL4+OC4) -> 1.0028001e+12 | OH4: =RANK(OE4,OE$4:OE$11) -> 1 | OI4: =IF(ISERROR(VLOOKUP(CONCATENATE($KN4,OI$2),$N$2001:$Q$3800,2,0)),0,VLOOKUP(CONCATENATE($KN4,OI$2),$N$2001:$Q$3800,2,0))+OB4 -> 28 | OJ4: =IF(ISERROR(VLOOKUP(CONCATENATE($KN4,OI$2),$N$2001:$Q$3800,3,0)),0,VLOOKUP(CONCATENATE($KN4,OI$2),$N$2001:$Q$3800,3,0))+OC4 -> 20 | OK4: =IF(ISERROR(VLOOKUP(CONCATENATE($KN4,OI$2),$N$2001:$Q$3800,4,0)),0,VLOOKUP(CONCATENATE($KN4,OI$2),$N$2001:$Q$3800,4,0))+OD4 -> 13 | OL4: =IF($KN4=0,-10000000000,1000000000000+OI4*100000000+(OJ4-OK4)*10000+$KL4+OJ4) -> 1.0028001e+12 | OO4: =RANK(OL4,OL$4:OL$11) -> 1 | OP4: =IF(ISERROR(VLOOKUP(CONCATENATE($KN4,OP$2),$N$2001:$Q$3800,2,0)),0,VLOOKUP(CONCATENATE($KN4,OP$2),$N$2001:$Q$3800,2,0))+OI4 -> 31 | OQ4: =IF(ISERROR(VLOOKUP(CONCATENATE($KN4,OP$2),$N$2001:$Q$3800,3,0)),0,VLOOKUP(CONCATENATE($KN4,OP$2),$N$2001:$Q$3800,3,0))+OJ4 -> 22 | OR4: =IF(ISERROR(VLOOKUP(CONCATENATE($KN4,OP$2),$N$2001:$Q$3800,4,0)),0,VLOOKUP(CONCATENATE($KN4,OP$2),$N$2001:$Q$3800,4,0))+OK4 -> 13 | OS4: =IF($KN4=0,-10000000000,1000000000000+OP4*100000000+(OQ4-OR4)*10000+$KL4+OQ4) -> 1.0031001e+12 | OV4: =RANK(OS4,OS$4:OS$11) -> 1 | OW4: =IF(ISERROR(VLOOKUP(CONCATENATE($KN4,OW$2),$N$2001:$Q$3800,2,0)),0,VLOOKUP(CONCATENATE($KN4,OW$2),$N$2001:$Q$3800,2,0))+OP4 -> 34 | OX4: =IF(ISERROR(VLOOKUP(CONCATENATE($KN4,OW$2),$N$2001:$Q$3800,3,0)),0,VLOOKUP(CONCATENATE($KN4,OW$2),$N$2001:$Q$3800,3,0))+OQ4 -> 25 | OY4: =IF(ISERROR(VLOOKUP(CONCATENATE($KN4,OW$2),$N$2001:$Q$3800,4,0)),0,VLOOKUP(CONCATENATE($KN4,OW$2),$N$2001:$Q$3800,4,0))+OR4 -> 13 | OZ4: =IF($KN4=0,-10000000000,1000000000000+OW4*100000000+(OX4-OY4)*10000+$KL4+OX4) -> 1.0034001e+12 | PC4: =RANK(OZ4,OZ$4:OZ$11) -> 1 | PD4: =IF(ISERROR(VLOOKUP(CONCATENATE($KN4,PD$2),$N$2001:$Q$3800,2,0)),0,VLOOKUP(CONCATENATE($KN4,PD$2),$N$2001:$Q$3800,2,0))+OW4 -> 34 | PE4: =IF(ISERROR(VLOOKUP(CONCATENATE($KN4,PD$2),$N$2001:$Q$3800,3,0)),0,VLOOKUP(CONCATENATE($KN4,PD$2),$N$2001:$Q$3800,3,0))+OX4 -> 26 | PF4: =IF(ISERROR(VLOOKUP(CONCATENATE($KN4,PD$2),$N$2001:$Q$3800,4,0)),0,VLOOKUP(CONCATENATE($KN4,PD$2),$N$2001:$Q$3800,4,0))+OY4 -> 16 | PG4: =IF($KN4=0,-10000000000,1000000000000+PD4*100000000+(PE4-PF4)*10000+$KL4+PE4) -> 1.0034001e+12 | PJ4: =RANK(PG4,PG$4:PG$11) -> 1 | PK4: =IF(ISERROR(VLOOKUP(CONCATENATE($KN4,PK$2),$N$2001:$Q$3800,2,0)),0,VLOOKUP(CONCATENATE($KN4,PK$2),$N$2001:$Q$3800,2,0))+PD4 -> 37 | PL4: =IF(ISERROR(VLOOKUP(CONCATENATE($KN4,PK$2),$N$2001:$Q$3800,3,0)),0,VLOOKUP(CONCATENATE($KN4,PK$2),$N$2001:$Q$3800,3,0))+PE4 -> 28 | PM4: =IF(ISERROR(VLOOKUP(CONCATENATE($KN4,PK$2),$N$2001:$Q$3800,4,0)),0,VLOOKUP(CONCATENATE($KN4,PK$2),$N$2001:$Q$3800,4,0))+PF4 -> 17 | PN4: =IF($KN4=0,-10000000000,1000000000000+PK4*100000000+(PL4-PM4)*10000+$KL4+PL4) -> 1.0037001e+12 | PQ4: =RANK(PN4,PN$4:PN$11) -> 1 | PR4: =IF(ISERROR(VLOOKUP(CONCATENATE($KN4,PR$2),$N$2001:$Q$3800,2,0)),0,VLOOKUP(CONCATENATE($KN4,PR$2),$N$2001:$Q$3800,2,0))+PK4 -> 37 | PS4: =IF(ISERROR(VLOOKUP(CONCATENATE($KN4,PR$2),$N$2001:$Q$3800,3,0)),0,VLOOKUP(CONCATENATE($KN4,PR$2),$N$2001:$Q$3800,3,0))+PL4 -> 28 | PT4: =IF(ISERROR(VLOOKUP(CONCATENATE($KN4,PR$2),$N$2001:$Q$3800,4,0)),0,VLOOKUP(CONCATENATE($KN4,PR$2),$N$2001:$Q$3800,4,0))+PM4 -> 19 | PU4: =IF($KN4=0,-10000000000,1000000000000+PR4*100000000+(PS4-PT4)*10000+$KL4+PS4) -> 1.0037001e+12 | PX4: =RANK(PU4,PU$4:PU$11) -> 1 | PY4: =IF(ISERROR(VLOOKUP(CONCATENATE($KN4,PY$2),$N$2001:$Q$3800,2,0)),0,VLOOKUP(CONCATENATE($KN4,PY$2),$N$2001:$Q$3800,2,0))+PR4 -> 37 | PZ4: =IF(ISERROR(VLOOKUP(CONCATENATE($KN4,PY$2),$N$2001:$Q$3800,3,0)),0,VLOOKUP(CONCATENATE($KN4,PY$2),$N$2001:$Q$3800,3,0))+PS4 -> 28 | QA4: =IF(ISERROR(VLOOKUP(CONCATENATE($KN4,PY$2),$N$2001:$Q$3800,4,0)),0,VLOOKUP(CONCATENATE($KN4,PY$2),$N$2001:$Q$3800,4,0))+PT4 -> 19 | QB4: =IF($KN4=0,-10000000000,1000000000000+PY4*100000000+(PZ4-QA4)*10000+$KL4+PZ4) -> 1.0037001e+12 | QE4: =RANK(QB4,QB$4:QB$11) -> 1 | QF4: =IF(ISERROR(VLOOKUP(CONCATENATE($KN4,QF$2),$N$2001:$Q$3800,2,0)),0,VLOOKUP(CONCATENATE($KN4,QF$2),$N$2001:$Q$3800,2,0))+PY4 -> 37 | QG4: =IF(ISERROR(VLOOKUP(CONCATENATE($KN4,QF$2),$N$2001:$Q$3800,3,0)),0,VLOOKUP(CONCATENATE($KN4,QF$2),$N$2001:$Q$3800,3,0))+PZ4 -> 28 | QH4: =IF(ISERROR(VLOOKUP(CONCATENATE($KN4,QF$2),$N$2001:$Q$3800,4,0)),0,VLOOKUP(CONCATENATE($KN4,QF$2),$N$2001:$Q$3800,4,0))+QA4 -> 19 | QI4: =IF($KN4=0,-10000000000,1000000000000+QF4*100000000+(QG4-QH4)*10000+$KL4+QG4) -> 1.0037001e+12 | QL4: =RANK(QI4,QI$4:QI$11) -> 1 | QM4: =IF(ISERROR(VLOOKUP(CONCATENATE($KN4,QM$2),$N$2001:$Q$3800,2,0)),0,VLOOKUP(CONCATENATE($KN4,QM$2),$N$2001:$Q$3800,2,0))+QF4 -> 37 | QN4: =IF(ISERROR(VLOOKUP(CONCATENATE($KN4,QM$2),$N$2001:$Q$3800,3,0)),0,VLOOKUP(CONCATENATE($KN4,QM$2),$N$2001:$Q$3800,3,0))+QG4 -> 28 | QO4: =IF(ISERROR(VLOOKUP(CONCATENATE($KN4,QM$2),$N$2001:$Q$3800,4,0)),0,VLOOKUP(CONCATENATE($KN4,QM$2),$N$2001:$Q$3800,4,0))+QH4 -> 19 | QP4: =IF($KN4=0,-10000000000,1000000000000+QM4*100000000+(QN4-QO4)*10000+$KL4+QN4) -> 1.0037001e+12 | QS4: =RANK(QP4,QP$4:QP$11) -> 1 | QT4: =IF(ISERROR(VLOOKUP(CONCATENATE($KN4,QT$2),$N$2001:$Q$3800,2,0)),0,VLOOKUP(CONCATENATE($KN4,QT$2),$N$2001:$Q$3800,2,0))+QM4 -> 37 | QU4: =IF(ISERROR(VLOOKUP(CONCATENATE($KN4,QT$2),$N$2001:$Q$3800,3,0)),0,VLOOKUP(CONCATENATE($KN4,QT$2),$N$2001:$Q$3800,3,0))+QN4 -> 28 | QV4: =IF(ISERROR(VLOOKUP(CONCATENATE($KN4,QT$2),$N$2001:$Q$3800,4,0)),0,VLOOKUP(CONCATENATE($KN4,QT$2),$N$2001:$Q$3800,4,0))+QO4 -> 19 | QW4: =IF($KN4=0,-10000000000,1000000000000+QT4*100000000+(QU4-QV4)*10000+$KL4+QU4) -> 1.0037001e+12 | QZ4: =RANK(QW4,QW$4:QW$11) -> 1 | RA4: =IF(ISERROR(VLOOKUP(CONCATENATE($KN4,RA$2),$N$2001:$Q$3800,2,0)),0,VLOOKUP(CONCATENATE($KN4,RA$2),$N$2001:$Q$3800,2,0))+QT4 -> 37 | RB4: =IF(ISERROR(VLOOKUP(CONCATENATE($KN4,RA$2),$N$2001:$Q$3800,3,0)),0,VLOOKUP(CONCATENATE($KN4,RA$2),$N$2001:$Q$3800,3,0))+QU4 -> 28 | RC4: =IF(ISERROR(VLOOKUP(CONCATENATE($KN4,RA$2),$N$2001:$Q$3800,4,0)),0,VLOOKUP(CONCATENATE($KN4,RA$2),$N$2001:$Q$3800,4,0))+QV4 -> 19 | RD4: =IF($KN4=0,-10000000000,1000000000000+RA4*100000000+(RB4-RC4)*10000+$KL4+RB4) -> 1.0037001e+12 | RG4: =RANK(RD4,RD$4:RD$11) -> 1 | RH4: =IF(ISERROR(VLOOKUP(CONCATENATE($KN4,RH$2),$N$2001:$Q$3800,2,0)),0,VLOOKUP(CONCATENATE($KN4,RH$2),$N$2001:$Q$3800,2,0))+RA4 -> 37 | RI4: =IF(ISERROR(VLOOKUP(CONCATENATE($KN4,RH$2),$N$2001:$Q$3800,3,0)),0,VLOOKUP(CONCATENATE($KN4,RH$2),$N$2001:$Q$3800,3,0))+RB4 -> 28 | RJ4: =IF(ISERROR(VLOOKUP(CONCATENATE($KN4,RH$2),$N$2001:$Q$3800,4,0)),0,VLOOKUP(CONCATENATE($KN4,RH$2),$N$2001:$Q$3800,4,0))+RC4 -> 19 | RK4: =IF($KN4=0,-10000000000,1000000000000+RH4*100000000+(RI4-RJ4)*10000+$KL4+RI4) -> 1.0037001e+12 | RN4: =RANK(RK4,RK$4:RK$11) -> 1 | RO4: =IF(ISERROR(VLOOKUP(CONCATENATE($KN4,RO$2),$N$2001:$Q$3800,2,0)),0,VLOOKUP(CONCATENATE($KN4,RO$2),$N$2001:$Q$3800,2,0))+RH4 -> 37 | RP4: =IF(ISERROR(VLOOKUP(CONCATENATE($KN4,RO$2),$N$2001:$Q$3800,3,0)),0,VLOOKUP(CONCATENATE($KN4,RO$2),$N$2001:$Q$3800,3,0))+RI4 -> 28 | RQ4: =IF(ISERROR(VLOOKUP(CONCATENATE($KN4,RO$2),$N$2001:$Q$3800,4,0)),0,VLOOKUP(CONCATENATE($KN4,RO$2),$N$2001:$Q$3800,4,0))+RJ4 -> 19 | RR4: =IF($KN4=0,-10000000000,1000000000000+RO4*100000000+(RP4-RQ4)*10000+$KL4+RP4) -> 1.0037001e+12 | RU4: =RANK(RR4,RR$4:RR$11) -> 1 | RV4: =IF(ISERROR(VLOOKUP(CONCATENATE($KN4,RV$2),$N$2001:$Q$3800,2,0)),0,VLOOKUP(CONCATENATE($KN4,RV$2),$N$2001:$Q$3800,2,0))+RO4 -> 37 | RW4: =IF(ISERROR(VLOOKUP(CONCATENATE($KN4,RV$2),$N$2001:$Q$3800,3,0)),0,VLOOKUP(CONCATENATE($KN4,RV$2),$N$2001:$Q$3800,3,0))+RP4 -> 28 | RX4: =IF(ISERROR(VLOOKUP(CONCATENATE($KN4,RV$2),$N$2001:$Q$3800,4,0)),0,VLOOKUP(CONCATENATE($KN4,RV$2),$N$2001:$Q$3800,4,0))+RQ4 -> 19 | RY4: =IF($KN4=0,-10000000000,1000000000000+RV4*100000000+(RW4-RX4)*10000+$KL4+RW4) -> 1.0037001e+12 | SB4: =RANK(RY4,RY$4:RY$11) -> 1 | SC4: =IF(ISERROR(VLOOKUP(CONCATENATE($KN4,SC$2),$N$2001:$Q$3800,2,0)),0,VLOOKUP(CONCATENATE($KN4,SC$2),$N$2001:$Q$3800,2,0))+RV4 -> 37 | SD4: =IF(ISERROR(VLOOKUP(CONCATENATE($KN4,SC$2),$N$2001:$Q$3800,3,0)),0,VLOOKUP(CONCATENATE($KN4,SC$2),$N$2001:$Q$3800,3,0))+RW4 -> 28 | SE4: =IF(ISERROR(VLOOKUP(CONCATENATE($KN4,SC$2),$N$2001:$Q$3800,4,0)),0,VLOOKUP(CONCATENATE($KN4,SC$2),$N$2001:$Q$3800,4,0))+RX4 -> 19 | SF4: =IF($KN4=0,-10000000000,1000000000000+SC4*100000000+(SD4-SE4)*10000+$KL4+SD4) -> 1.0037001e+12 | SI4: =RANK(SF4,SF$4:SF$11) -> 1 | SJ4: =IF(ISERROR(VLOOKUP(CONCATENATE($KN4,SJ$2),$N$2001:$Q$3800,2,0)),0,VLOOKUP(CONCATENATE($KN4,SJ$2),$N$2001:$Q$3800,2,0))+SC4 -> 37 | SK4: =IF(ISERROR(VLOOKUP(CONCATENATE($KN4,SJ$2),$N$2001:$Q$3800,3,0)),0,VLOOKUP(CONCATENATE($KN4,SJ$2),$N$2001:$Q$3800,3,0))+SD4 -> 28 | SL4: =IF(ISERROR(VLOOKUP(CONCATENATE($KN4,SJ$2),$N$2001:$Q$3800,4,0)),0,VLOOKUP(CONCATENATE($KN4,SJ$2),$N$2001:$Q$3800,4,0))+SE4 -> 19 | SM4: =IF($KN4=0,-10000000000,1000000000000+SJ4*100000000+(SK4-SL4)*10000+$KL4+SK4) -> 1.0037001e+12 | SP4: =RANK(SM4,SM$4:SM$11) -> 1 | SQ4: =IF(ISERROR(VLOOKUP(CONCATENATE($KN4,SQ$2),$N$2001:$Q$3800,2,0)),0,VLOOKUP(CONCATENATE($KN4,SQ$2),$N$2001:$Q$3800,2,0))+SJ4 -> 37 | SR4: =IF(ISERROR(VLOOKUP(CONCATENATE($KN4,SQ$2),$N$2001:$Q$3800,3,0)),0,VLOOKUP(CONCATENATE($KN4,SQ$2),$N$2001:$Q$3800,3,0))+SK4 -> 28 | SS4: =IF(ISERROR(VLOOKUP(CONCATENATE($KN4,SQ$2),$N$2001:$Q$3800,4,0)),0,VLOOKUP(CONCATENATE($KN4,SQ$2),$N$2001:$Q$3800,4,0))+SL4 -> 19 | ST4: =IF($KN4=0,-10000000000,1000000000000+SQ4*100000000+(SR4-SS4)*10000+$KL4+SR4) -> 1.0037001e+12 | SW4: =RANK(ST4,ST$4:ST$11) -> 1 | SX4: =IF(ISERROR(VLOOKUP(CONCATENATE($KN4,SX$2),$N$2001:$Q$3800,2,0)),0,VLOOKUP(CONCATENATE($KN4,SX$2),$N$2001:$Q$3800,2,0))+SQ4 -> 37 | SY4: =IF(ISERROR(VLOOKUP(CONCATENATE($KN4,SX$2),$N$2001:$Q$3800,3,0)),0,VLOOKUP(CONCATENATE($KN4,SX$2),$N$2001:$Q$3800,3,0))+SR4 -> 28 | SZ4: =IF(ISERROR(VLOOKUP(CONCATENATE($KN4,SX$2),$N$2001:$Q$3800,4,0)),0,VLOOKUP(CONCATENATE($KN4,SX$2),$N$2001:$Q$3800,4,0))+SS4 -> 19 | TA4: =IF($KN4=0,-10000000000,1000000000000+SX4*100000000+(SY4-SZ4)*10000+$KL4+SY4) -> 1.0037001e+12 | TD4: =RANK(TA4,TA$4:TA$11) -> 1 | TE4: =IF(ISERROR(VLOOKUP(CONCATENATE($KN4,TE$2),$N$2001:$Q$3800,2,0)),0,VLOOKUP(CONCATENATE($KN4,TE$2),$N$2001:$Q$3800,2,0))+SX4 -> 37 | TF4: =IF(ISERROR(VLOOKUP(CONCATENATE($KN4,TE$2),$N$2001:$Q$3800,3,0)),0,VLOOKUP(CONCATENATE($KN4,TE$2),$N$2001:$Q$3800,3,0))+SY4 -> 28 | TG4: =IF(ISERROR(VLOOKUP(CONCATENATE($KN4,TE$2),$N$2001:$Q$3800,4,0)),0,VLOOKUP(CONCATENATE($KN4,TE$2),$N$2001:$Q$3800,4,0))+SZ4 -> 19 | TH4: =IF($KN4=0,-10000000000,1000000000000+TE4*100000000+(TF4-TG4)*10000+$KL4+TF4) -> 1.0037001e+12 | TK4: =RANK(TH4,TH$4:TH$11) -> 1 | TL4: =IF(ISERROR(VLOOKUP(CONCATENATE($KN4,TL$2),$N$2001:$Q$3800,2,0)),0,VLOOKUP(CONCATENATE($KN4,TL$2),$N$2001:$Q$3800,2,0))+TE4 -> 37 | TM4: =IF(ISERROR(VLOOKUP(CONCATENATE($KN4,TL$2),$N$2001:$Q$3800,3,0)),0,VLOOKUP(CONCATENATE($KN4,TL$2),$N$2001:$Q$3800,3,0))+TF4 -> 28 | TN4: =IF(ISERROR(VLOOKUP(CONCATENATE($KN4,TL$2),$N$2001:$Q$3800,4,0)),0,VLOOKUP(CONCATENATE($KN4,TL$2),$N$2001:$Q$3800,4,0))+TG4 -> 19 | TO4: =IF($KN4=0,-10000000000,1000000000000+TL4*100000000+(TM4-TN4)*10000+$KL4+TM4) -> 1.0037001e+12 | TR4: =RANK(TO4,TO$4:TO$11) -> 1 | TS4: =IF(ISERROR(VLOOKUP(CONCATENATE($KN4,TS$2),$N$2001:$Q$3800,2,0)),0,VLOOKUP(CONCATENATE($KN4,TS$2),$N$2001:$Q$3800,2,0))+TL4 -> 37 | TT4: =IF(ISERROR(VLOOKUP(CONCATENATE($KN4,TS$2),$N$2001:$Q$3800,3,0)),0,VLOOKUP(CONCATENATE($KN4,TS$2),$N$2001:$Q$3800,3,0))+TM4 -> 28 | TU4: =IF(ISERROR(VLOOKUP(CONCATENATE($KN4,TS$2),$N$2001:$Q$3800,4,0)),0,VLOOKUP(CONCATENATE($KN4,TS$2),$N$2001:$Q$3800,4,0))+TN4 -> 19 | TV4: =IF($KN4=0,-10000000000,1000000000000+TS4*100000000+(TT4-TU4)*10000+$KL4+TT4) -> 1.0037001e+12 | TY4: =RANK(TV4,TV$4:TV$11) -> 1 | TZ4: =IF(ISERROR(VLOOKUP(CONCATENATE($KN4,TZ$2),$N$2001:$Q$3800,2,0)),0,VLOOKUP(CONCATENATE($KN4,TZ$2),$N$2001:$Q$3800,2,0))+TS4 -> 37 | UA4: =IF(ISERROR(VLOOKUP(CONCATENATE($KN4,TZ$2),$N$2001:$Q$3800,3,0)),0,VLOOKUP(CONCATENATE($KN4,TZ$2),$N$2001:$Q$3800,3,0))+TT4 -> 28 | UB4: =IF(ISERROR(VLOOKUP(CONCATENATE($KN4,TZ$2),$N$2001:$Q$3800,4,0)),0,VLOOKUP(CONCATENATE($KN4,TZ$2),$N$2001:$Q$3800,4,0))+TU4 -> 19 | UC4: =IF($KN4=0,-10000000000,1000000000000+TZ4*100000000+(UA4-UB4)*10000+$KL4+UA4) -> 1.0037001e+12 | UF4: =RANK(UC4,UC$4:UC$11) -> 1 | UG4: =IF(ISERROR(VLOOKUP(CONCATENATE($KN4,UG$2),$N$2001:$Q$3800,2,0)),0,VLOOKUP(CONCATENATE($KN4,UG$2),$N$2001:$Q$3800,2,0))+TZ4 -> 37 | UH4: =IF(ISERROR(VLOOKUP(CONCATENATE($KN4,UG$2),$N$2001:$Q$3800,3,0)),0,VLOOKUP(CONCATENATE($KN4,UG$2),$N$2001:$Q$3800,3,0))+UA4 -> 28 | UI4: =IF(ISERROR(VLOOKUP(CONCATENATE($KN4,UG$2),$N$2001:$Q$3800,4,0)),0,VLOOKUP(CONCATENATE($KN4,UG$2),$N$2001:$Q$3800,4,0))+UB4 -> 19 | UJ4: =IF($KN4=0,-10000000000,1000000000000+UG4*100000000+(UH4-UI4)*10000+$KL4+UH4) -> 1.0037001e+12 | UM4: =RANK(UJ4,UJ$4:UJ$11) -> 1 | UN4: =IF(ISERROR(VLOOKUP(CONCATENATE($KN4,UN$2),$N$2001:$Q$3800,2,0)),0,VLOOKUP(CONCATENATE($KN4,UN$2),$N$2001:$Q$3800,2,0))+UG4 -> 37 | UO4: =IF(ISERROR(VLOOKUP(CONCATENATE($KN4,UN$2),$N$2001:$Q$3800,3,0)),0,VLOOKUP(CONCATENATE($KN4,UN$2),$N$2001:$Q$3800,3,0))+UH4 -> 28 | UP4: =IF(ISERROR(VLOOKUP(CONCATENATE($KN4,UN$2),$N$2001:$Q$3800,4,0)),0,VLOOKUP(CONCATENATE($KN4,UN$2),$N$2001:$Q$3800,4,0))+UI4 -> 19 | UQ4: =IF($KN4=0,-10000000000,1000000000000+UN4*100000000+(UO4-UP4)*10000+$KL4+UO4) -> 1.0037001e+12 | UT4: =RANK(UQ4,UQ$4:UQ$11) -> 1 | UV4: =KN4 -> Columbus | UW4: =KU4 -> 2 | UX4: =OFFSET($KU4,0,UX$3) -> 3 | UY4: =OFFSET($KU4,0,UY$3) -> 1 | UZ4: =OFFSET($KU4,0,UZ$3) -> 2 | VA4: =OFFSET($KU4,0,VA$3) -> 2 | VB4: =OFFSET($KU4,0,VB$3) -> 2 | VC4: =OFFSET($KU4,0,VC$3) -> 1 | VD4: =OFFSET($KU4,0,VD$3) -> 1 | VE4: =OFFSET($KU4,0,VE$3) -> 1 | ... WH4: =OFFSET($KU4,0,WH$3) -> 1 | WK4: =UV4 -> Columbus | WL4: 1 | WM4: 1 | WN4: =IF($WI$2>=WN$3,UW4,NA()) -> 2 | WO4: =IF($WI$2>=WO$3,UX4,NA()) -> 3 | WP4: =IF($WI$2>=WP$3,UY4,NA()) -> 1 | WQ4: =IF($WI$2>=WQ$3,UZ4,NA()) -> 2 | WR4: =IF($WI$2>=WR$3,VA4,NA()) -> 2 | WS4: =IF($WI$2>=WS$3,VB4,NA()) -> 2 | WT4: =IF($WI$2>=WT$3,VC4,NA()) -> 1 | WU4: =IF($WI$2>=WU$3,VD4,NA()) -> 1 | ... XY4: =IF($WI$2>=XY$3,WH4,NA()) -> #N/A | YB4: =Fixture!C3 -> Los Angeles | YC4: =IF(ISERROR(VLOOKUP(YB4,$E$4:$E$11,1,0)),"",YB4) | YE4: =VLOOKUP($YC4,$WK$4:WL$33,YE$3+3,0) -> #N/A | YF4: =VLOOKUP($YC4,$WK$4:WM$33,YF$3+3,0) -> #N/A | YG4: =VLOOKUP($YC4,$WK$4:WN$33,YG$3+3,0) -> #N/A | YH4: =VLOOKUP($YC4,$WK$4:WO$33,YH$3+3,0) -> #N/A | YI4: =VLOOKUP($YC4,$WK$4:WP$33,YI$3+3,0) -> #N/A | YJ4: =VLOOKUP($YC4,$WK$4:WQ$33,YJ$3+3,0) -> #N/A | YK4: =VLOOKUP($YC4,$WK$4:WR$33,YK$3+3,0) -> #N/A | YL4: =VLOOKUP($YC4,$WK$4:WS$33,YL$3+3,0) -> #N/A | ... ZR4: =VLOOKUP($YC4,$WK$4:XY$33,ZR$3+3,0) -> #N/A
D5: 2 | E5: New York Red Bulls | F5: =SUMIF('ef-FT'!$C$2001:$C$3800,E5,'ef-FT'!$E$2001:$E$3800) -> 20 | G5: =SUMIF('ef-FT'!$C$2001:$C$3800,E5,'ef-FT'!$F$2001:$F$3800) -> 9 | H5: =SUMIF('ef-FT'!$C$2001:$C$3800,E5,'ef-FT'!$G$2001:$G$3800) -> 4 | I5: =SUMIF('ef-FT'!$C$2001:$C$3800,E5,'ef-FT'!$H$2001:$H$3800) -> 7 | J5: =SUMIF('ef-FT'!$C$2001:$C$3800,E5,'ef-FT'!$D$2001:$D$3800) -> 31 | K5: =SUMIF('ef-FT'!$C$2001:$C$3800,E5,'ef-FT'!$I$2001:$I$3800) -> 21 | L5: =SUMIF('ef-FT'!$C$2001:$C$3800,E5,'ef-FT'!$J$2001:$J$3800) -> 22 | M5: =CONCATENATE(K5, " - ",L5) -> 21 - 22 | N5: =K5-L5 -> -1 | O5: =SUMIF('ef-FT'!$C$2001:$C$3800,$E5,'ef-FT'!$K$2001:$K$3800) -> 7 | P5: =SUMIF('ef-FT'!$C$2001:$C$3800,$E5,'ef-FT'!$L$2001:$L$3800) -> 8 | R5: =SUMIF('ef-FT'!$C$2001:$C$2999,$E5,'ef-FT'!$E$2001:$E$2999) -> 10 | S5: =SUMIF('ef-FT'!$C$2001:$C$2999,$E5,'ef-FT'!$F$2001:$F$2999) -> 6 | T5: =SUMIF('ef-FT'!$C$2001:$C$2999,$E5,'ef-FT'!$G$2001:$G$2999) -> 1 | U5: =SUMIF('ef-FT'!$C$2001:$C$2999,$E5,'ef-FT'!$H$2001:$H$2999) -> 3 | V5: =SUMIF('ef-FT'!$C$2001:$C$2999,$E5,'ef-FT'!$D$2001:$D$2999) -> 19 | W5: =SUMIF('ef-FT'!$C$2001:$C$2999,$E5,'ef-FT'!$I$2001:$I$2999) -> 10 | X5: =SUMIF('ef-FT'!$C$2001:$C$2999,$E5,'ef-FT'!$J$2001:$J$2999) -> 8 | Y5: =CONCATENATE(W5, " - ",X5) -> 10 - 8 | Z5: =W5-X5 -> 2 | AA5: =SUMIF('ef-FT'!$C$2001:$C$2999,$E5,'ef-FT'!$K$2001:$K$2999) -> 3 | AB5: =SUMIF('ef-FT'!$C$2001:$C$2999,$E5,'ef-FT'!$L$2001:$L$2999) -> 4 | AD5: =SUMIF('ef-FT'!$C$3000:$C$3800,$E5,'ef-FT'!$E$3000:$E$3800) -> 10 | AE5: =SUMIF('ef-FT'!$C$3000:$C$3800,$E5,'ef-FT'!$F$3000:$F$3800) -> 3 | AF5: =SUMIF('ef-FT'!$C$3000:$C$3800,$E5,'ef-FT'!$G$3000:$G$3800) -> 3 | AG5: =SUMIF('ef-FT'!$C$3000:$C$3800,$E5,'ef-FT'!$H$3000:$H$3800) -> 4 | AH5: =SUMIF('ef-FT'!$C$3000:$C$3800,$E5,'ef-FT'!$D$3000:$D$3800) -> 12 | AI5: =SUMIF('ef-FT'!$C$3000:$C$3800,$E5,'ef-FT'!$I$3000:$I$3800) -> 11 | AJ5: =SUMIF('ef-FT'!$C$3000:$C$3800,$E5,'ef-FT'!$J$3000:$J$3800) -> 14 | AK5: =CONCATENATE(AI5, " - ",AJ5) -> 11 - 14 | AL5: =AI5-AJ5 -> -3 | AM5: =SUMIF('ef-FT'!$C$3000:$C$3800,$E5,'ef-FT'!$K$3000:$K$3800) -> 4 | AN5: =SUMIF('ef-FT'!$C$3000:$C$3800,$E5,'ef-FT'!$L$3000:$L$3800) -> 4 | AP5: 0.29 | AQ5: =IF(E5=0,-10000000000,1000000000000+J5*100000000+N5*10000+K5+AP5) -> 1.0031e+12 | AR5: 2 | AS5: =LARGE($AQ$4:$AQ$11,D5) -> 1.0031e+12 | AT5: =VLOOKUP(AS5,$AQ$4:$AR$33,2,0) -> 2 | AU5: =VLOOKUP(AT5,$D$4:$N$33,2,0) -> New York Red Bulls | AV5: =VLOOKUP(AT5,$D$4:$N$33,3,0) -> 20 | AW5: =VLOOKUP(AT5,$D$4:$N$33,4,0) -> 9 | AX5: =VLOOKUP(AT5,$D$4:$N$33,5,0) -> 4 | AY5: =VLOOKUP(AT5,$D$4:$N$33,6,0) -> 7 | AZ5: =VLOOKUP(AT5,$D$4:$N$33,7,0) -> 31 | BA5: =VLOOKUP(AT5,$D$4:$N$33,10,0) -> 21 - 22 | BB5: =VLOOKUP(AT5,$D$4:$N$33,11,0) -> -1 | BC5: =VLOOKUP($AT5,$D$4:R$33,15,0) -> 10 | BD5: =VLOOKUP($AT5,$D$4:S$33,16,0) -> 6 | BE5: =VLOOKUP($AT5,$D$4:T$33,17,0) -> 1 | BF5: =VLOOKUP($AT5,$D$4:U$33,18,0) -> 3 | BG5: =VLOOKUP($AT5,$D$4:V$33,19,0) -> 19 | BH5: =VLOOKUP($AT5,$D$4:Y$33,22,0) -> 10 - 8 | BI5: =VLOOKUP($AT5,$D$4:Z$33,23,0) -> 2 | BJ5: =VLOOKUP($AT5,$D$4:AD$33,27,0) -> 10 | BK5: =VLOOKUP($AT5,$D$4:AE$33,28,0) -> 3 | BL5: =VLOOKUP($AT5,$D$4:AF$33,29,0) -> 3 | BM5: =VLOOKUP($AT5,$D$4:AG$33,30,0) -> 4 | BN5: =VLOOKUP($AT5,$D$4:AH$33,31,0) -> 12 | BO5: =VLOOKUP($AT5,$D$4:AK$35,34,0) -> 11 - 14 | BP5: =VLOOKUP($AT5,$D$4:AL$35,35,0) -> -3 | BS5: - 10:00 | BT5: 0.41666667 | BU5: =BT5-$BU$2 -> 0.25 | BV5: menos | CA5: =IF($E5=0,-1+$AP5,J5+$AP5) -> 31.29 | CB5: =IF(CA5<0,100000-$AP5,J5-$AP5) -> 30.71 | CC5: =IF($E5=0,-1+$AP5,G5+$AP5) -> 9.29 | CD5: =IF(CC5<0,100000-$AP5,G5-$AP5) -> 8.71 | CE5: =IF($E5=0,-1+$AP5,I5+$AP5) -> 7.29 | CF5: =IF(CE5<0,100000-$AP5,I5-$AP5) -> 6.71 | CG5: =IF($E5=0,-1+$AP5,K5+$AP5) -> 21.29 | CH5: =IF(CG5<0,100000-$AP5,K5-$AP5) -> 20.71 | CI5: =IF($E5=0,-1+$AP5,L5+$AP5) -> 22.29 | CJ5: =IF(CI5<0,100000-$AP5,L5-$AP5) -> 21.71 | CK5: =IF($E5=0,-100000+$AP5,N5+$AP5) -> -0.71 | CL5: =IF(CK5<-50000,100000+$AP5,N5-$AP5) -> -1.29 | CM5: =IF($E5=0,-1+$AP5,O5+$AP5) -> 7.29 | CN5: =IF(CM5<0,100000-$AP5,O5-$AP5) -> 6.71 | CO5: =IF($E5=0,-1+$AP5,P5+$AP5) -> 8.29 | CP5: =IF(CO5<0,100000-$AP5,P5-$AP5) -> 7.71 | CR5: =IF($E5=0,-1+$AP5,V5+$AP5) -> 19.29 | CS5: =IF(CR5<0,100000-$AP5,V5-$AP5) -> 18.71 | CT5: =IF($E5=0,-1+$AP5,S5+$AP5) -> 6.29 | CU5: =IF(CT5<0,100000-$AP5,S5-$AP5) -> 5.71 | CV5: =IF($E5=0,-1+$AP5,U5+$AP5) -> 3.29 | CW5: =IF(CV5<0,100000-$AP5,U5-$AP5) -> 2.71 | CX5: =IF($E5=0,-1+$AP5,W5+$AP5) -> 10.29 | CY5: =IF(CX5<0,100000-$AP5,W5-$AP5) -> 9.71 | CZ5: =IF($E5=0,-1+$AP5,X5+$AP5) -> 8.29 | DA5: =IF(CZ5<0,100000-$AP5,X5-$AP5) -> 7.71 | DB5: =IF($E5=0,-100000+$AP5,Z5+$AP5) -> 2.29 | DC5: =IF(DB5<-50000,100000+$AP5,Z5-$AP5) -> 1.71 | DD5: =IF($E5=0,-1+$AP5,AA5+$AP5) -> 3.29 | DE5: =IF(DD5<0,100000-$AP5,AA5-$AP5) -> 2.71 | DF5: =IF($E5=0,-1+$AP5,AB5+$AP5) -> 4.29 | DG5: =IF(DF5<0,100000-$AP5,AB5-$AP5) -> 3.71 | DI5: =IF($E5=0,-1+$AP5,AH5+$AP5) -> 12.29 | DJ5: =IF(DI5<0,100000-$AP5,AH35-$AP5) -> -0.29 | DK5: =IF($E5=0,-1+$AP5,AE5+$AP5) -> 3.29 | DL5: =IF(DK5<0,100000-$AP5,AE5-$AP5) -> 2.71 | DM5: =IF($E5=0,-1+$AP5,AG5+$AP5) -> 4.29 | DN5: =IF(DM5<0,100000-$AP5,AG5-$AP5) -> 3.71 | DO5: =IF($E5=0,-1+$AP5,AI5+$AP5) -> 11.29 | DP5: =IF(DO5<0,100000-$AP5,AI5-$AP5) -> 10.71 | DQ5: =IF($E5=0,-1+$AP5,AJ5+$AP5) -> 14.29 | DR5: =IF(DQ5<0,100000-$AP5,AJ5-$AP5) -> 13.71 | DS5: =IF($E5=0,-100000+$AP5,AL5+$AP5) -> -2.71 | DT5: =IF(DS5<-50000,100000+$AP5,AL5-$AP5) -> -3.29 | DU5: =IF($E5=0,-1+$AP5,AM5+$AP5) -> 4.29 | DV5: =IF(DU5<0,100000-$AP5,AM5-$AP5) -> 3.71 | DW5: =IF($E5=0,-1+$AP5,AN5+$AP5) -> 4.29 | DX5: =IF(DW5<0,100000-$AP5,AN5-$AP5) -> 3.71 | DZ5: 2 | EA5: 29 | EB5: =MATCH(LARGE(CA$4:CA$33,$DZ5),CA$4:CA$33,0) -> 10 | EC5: =MATCH(LARGE(CB$4:CB$33,$EA5),CB$4:CB$33,0) -> 7 | ED5: =MATCH(LARGE(CC$4:CC$33,$DZ5),CC$4:CC$33,0) -> 1 | EE5: =MATCH(LARGE(CD$4:CD$33,$EA5),CD$4:CD$33,0) -> 7 | EF5: =MATCH(LARGE(CE$4:CE$33,$DZ5),CE$4:CE$33,0) -> 7 | EG5: =MATCH(LARGE(CF$4:CF$33,$EA5),CF$4:CF$33,0) -> 9 | EH5: =MATCH(LARGE(CG$4:CG$33,$DZ5),CG$4:CG$33,0) -> 9 | EI5: =MATCH(LARGE(CH$4:CH$33,$EA5),CH$4:CH$33,0) -> 6 | EJ5: =MATCH(LARGE(CI$4:CI$33,$DZ5),CI$4:CI$33,0) -> 7 | EK5: =MATCH(LARGE(CJ$4:CJ$33,$EA5),CJ$4:CJ$33,0) -> 10 | EL5: =MATCH(LARGE(CK$4:CK$33,$DZ5),CK$4:CK$33,0) -> 9 | EM5: =MATCH(LARGE(CL$4:CL$33,$EA5),CL$4:CL$33,0) -> 7 | EN5: =MATCH(LARGE(CM$4:CM$33,$DZ5),CM$4:CM$33,0) -> 6 | EO5: =MATCH(LARGE(CN$4:CN$33,$EA5),CN$4:CN$33,0) -> 5 | EP5: =MATCH(LARGE(CO$4:CO$33,$DZ5),CO$4:CO$33,0) -> 10 | EQ5: =MATCH(LARGE(CP$4:CP$33,$EA5),CP$4:CP$33,0) -> 8 | ES5: =MATCH(LARGE(CR$4:CR$33,$DZ5),CR$4:CR$33,0) -> 1 | ET5: =MATCH(LARGE(CS$4:CS$33,$EA5),CS$4:CS$33,0) -> 5 | EU5: =MATCH(LARGE(CT$4:CT$33,$DZ5),CT$4:CT$33,0) -> 10 | EV5: =MATCH(LARGE(CU$4:CU$33,$EA5),CU$4:CU$33,0) -> 8 | EW5: =MATCH(LARGE(CV$4:CV$33,$DZ5),CV$4:CV$33,0) -> 12 | EX5: =MATCH(LARGE(CW$4:CW$33,$EA5),CW$4:CW$33,0) -> 10 | EY5: =MATCH(LARGE(CX$4:CX$33,$DZ5),CX$4:CX$33,0) -> 9 | EZ5: =MATCH(LARGE(CY$4:CY$33,$EA5),CY$4:CY$33,0) -> 5 | FA5: =MATCH(LARGE(CZ$4:CZ$33,$DZ5),CZ$4:CZ$33,0) -> 7 | FB5: =MATCH(LARGE(DA$4:DA$33,$EA5),DA$4:DA$33,0) -> 1 | FC5: =MATCH(LARGE(DB$4:DB$33,$DZ5),DB$4:DB$33,0) -> 1 | FD5: =MATCH(LARGE(DC$4:DC$33,$EA5),DC$4:DC$33,0) -> 16 | FE5: =MATCH(LARGE(DD$4:DD$33,$DZ5),DD$4:DD$33,0) -> 6 | FF5: =MATCH(LARGE(DE$4:DE$33,$EA5),DE$4:DE$33,0) -> 9 | FG5: =MATCH(LARGE(DF$4:DF$33,$DZ5),DF$4:DF$33,0) -> 10 | FH5: =MATCH(LARGE(DG$4:DG$33,$EA5),DG$4:DG$33,0) -> 8 | FJ5: =MATCH(LARGE(DI$4:DI$33,$DZ5),DI$4:DI$33,0) -> 11 | FK5: =MATCH(LARGE(DJ$4:DJ$33,$EA5),DJ$4:DJ$33,0) -> 2 | FL5: =MATCH(LARGE(DK$4:DK$33,$DZ5),DK$4:DK$33,0) -> 1 | FM5: =MATCH(LARGE(DL$4:DL$33,$EA5),DL$4:DL$33,0) -> 4 | FN5: =MATCH(LARGE(DM$4:DM$33,$DZ5),DM$4:DM$33,0) -> 3 | FO5: =MATCH(LARGE(DN$4:DN$33,$EA5),DN$4:DN$33,0) -> 9 | FP5: =MATCH(LARGE(DO$4:DO$33,$DZ5),DO$4:DO$33,0) -> 11 | FQ5: =MATCH(LARGE(DP$4:DP$33,$EA5),DP$4:DP$33,0) -> 4 | FR5: =MATCH(LARGE(DQ$4:DQ$33,$DZ5),DQ$4:DQ$33,0) -> 8 | FS5: =MATCH(LARGE(DR$4:DR$33,$EA5),DR$4:DR$33,0) -> 10 | FT5: =MATCH(LARGE(DS$4:DS$33,$DZ5),DS$4:DS$33,0) -> 11 | FU5: =MATCH(LARGE(DT$4:DT$33,$EA5),DT$4:DT$33,0) -> 7 | FV5: =MATCH(LARGE(DU$4:DU$33,$DZ5),DU$4:DU$33,0) -> 4 | FW5: =MATCH(LARGE(DV$4:DV$33,$EA5),DV$4:DV$33,0) -> 5 | FX5: =MATCH(LARGE(DW$4:DW$33,$DZ5),DW$4:DW$33,0) -> 2 | FY5: =MATCH(LARGE(DX$4:DX$33,$EA5),DX$4:DX$33,0) -> 3 | GA5: =IF(lg!$C$18=1,EB5,IF(lg!$C$18=2,ES5,FJ5)) -> 10 | GB5: =IF(lg!$C$18=1,EC5,IF(lg!$C$18=2,ET5,FK5)) -> 7 | GC5: =IF(lg!$C$18=1,ED5,IF(lg!$C$18=2,EU5,FL5)) -> 1 | GD5: =IF(lg!$C$18=1,EE5,IF(lg!$C$18=2,EV5,FM5)) -> 7 | GE5: =IF(lg!$C$18=1,EF5,IF(lg!$C$18=2,EW5,FN5)) -> 7 | GF5: =IF(lg!$C$18=1,EG5,IF(lg!$C$18=2,EX5,FO5)) -> 9 | GG5: =IF(lg!$C$18=1,EH5,IF(lg!$C$18=2,EY5,FP5)) -> 9 | GH5: =IF(lg!$C$18=1,EI5,IF(lg!$C$18=2,EZ5,FQ5)) -> 6 | ... GP5: =IF(lg!$C$18=1,EQ5,IF(lg!$C$18=2,FH5,FY5)) -> 8 | GR5: =VLOOKUP(GA5,$D$4:$E$33,2,0) -> Real Salt Lake | GS5: =VLOOKUP(GB5,$D$4:$E$33,2,0) -> Philadelphia Union | GT5: =VLOOKUP(GC5,$D$4:$E$33,2,0) -> Columbus | GU5: =VLOOKUP(GD5,$D$4:$E$33,2,0) -> Philadelphia Union | GV5: =VLOOKUP(GE5,$D$4:$E$33,2,0) -> Philadelphia Union | GW5: =VLOOKUP(GF5,$D$4:$E$33,2,0) -> Los Angeles | GX5: =VLOOKUP(GG5,$D$4:$E$33,2,0) -> Los Angeles | GY5: =VLOOKUP(GH5,$D$4:$E$33,2,0) -> Kansas City | ... HG5: =VLOOKUP(GP5,$D$4:$E$33,2,0) -> DC United | HI5: 2 | HJ5: =IF(lg!$C$18=1,F5,IF(lg!$C$18=2,R5,AD5)) -> 20 | HK5: =IF(lg!$C$18=1,G5,IF(lg!$C$18=2,S5,AE5)) -> 9 | HL5: =IF(lg!$C$18=1,H5,IF(lg!$C$18=2,T5,AF5)) -> 4 | HM5: =IF(lg!$C$18=1,I5,IF(lg!$C$18=2,U5,AG5)) -> 7 | HN5: =IF(lg!$C$18=1,J5,IF(lg!$C$18=2,V5,AH5)) -> 31 | HO5: =IF(lg!$C$18=1,K5,IF(lg!$C$18=2,W5,AI5)) -> 21 | HP5: =IF(lg!$C$18=1,L5,IF(lg!$C$18=2,X5,AJ5)) -> 22 | HQ5: =IF(lg!$C$18=1,M5,IF(lg!$C$18=2,Y5,AK5)) -> 21 - 22 | ... HT5: =IF(lg!$C$18=1,P5,IF(lg!$C$18=2,AB5,AN5)) -> 8 | HV5: =VLOOKUP(GA5,$HI$4:$HT$33,6,0) -> 39 | HW5: =VLOOKUP(GB5,$HI$4:$HT$33,6,0) -> 17 | HX5: =VLOOKUP(GC5,$HI$4:$HT$33,3,0) -> 11 | HY5: =VLOOKUP(GD5,$HI$4:$HT$33,3,0) -> 4 | HZ5: =VLOOKUP(GE5,$HI$4:$HT$33,5,0) -> 10 | IA5: =VLOOKUP(GF5,$HI$4:$HT$33,5,0) -> 3 | IB5: =VLOOKUP(GG5,$HI$4:$HT$33,7,0) -> 32 | IC5: =VLOOKUP(GH5,$HI$4:$HT$33,7,0) -> 15 | ID5: =VLOOKUP(GI5,$HI$4:$HT$33,8,0) -> 33 | IE5: =VLOOKUP(GJ5,$HI$4:$HT$33,8,0) -> 16 | IF5: =VLOOKUP(GK5,$HI$4:$HT$33,10,0) -> 19 | IG5: =VLOOKUP(GL5,$HI$4:$HT$33,10,0) -> -10 | IH5: =VLOOKUP(GM5,$HI$4:$HT$33,11,0) -> 9 | II5: =VLOOKUP(GN5,$HI$4:$HT$33,11,0) -> 3 | IJ5: =VLOOKUP(GO5,$HI$4:$HT$33,12,0) -> 9 | IK5: =VLOOKUP(GP5,$HI$4:$HT$33,12,0) -> 2 | IN5: Most Wins | IO5: Overall | IP5: =VLOOKUP('ef-TeamStats'!B2,Table!$B$4:$W$23,3,0) -> 13 | IQ5: =VLOOKUP('ef-TeamStats'!$B$2,Table!$B$4:$W$23,2,0) -> 20 | IR5: =IF(IQ5=0,0,IP5/IQ5) -> 0.65 | IS5: =MATCH('ef-TeamStats'!$B$2,$JU$4:$JU$33,0) -> 1 | IU5: Overall | IV5: =VLOOKUP('ef-TeamStats'!G2,Table!$B$4:$W$23,3,0) -> 8 | IW5: =VLOOKUP('ef-TeamStats'!$G$2,Table!$B$4:$W$23,2,0) -> 19 | IX5: =IF(IW5=0,0,IV5/IW5) -> 0.42105263 | IY5: =MATCH('ef-TeamStats'!$G$2,$JU$4:$JU$33,0) -> 5 | JB5: =IF(lg!$F$18=1,EB5,IF(lg!$F$18=2,ES5,FJ5)) -> 10 | JC5: =IF(lg!$F$18=1,EC5,IF(lg!$F$18=2,ET5,FK5)) -> 7 | JD5: =IF(lg!$F$18=1,ED5,IF(lg!$F$18=2,EU5,FL5)) -> 1 | JE5: =IF(lg!$F$18=1,EE5,IF(lg!$F$18=2,EV5,FM5)) -> 7 | JF5: =IF(lg!$F$18=1,EF5,IF(lg!$F$18=2,EW5,FN5)) -> 7 | JG5: =IF(lg!$F$18=1,EG5,IF(lg!$F$18=2,EX5,FO5)) -> 9 | JH5: =IF(lg!$F$18=1,EH5,IF(lg!$F$18=2,EY5,FP5)) -> 9 | JI5: =IF(lg!$F$18=1,EI5,IF(lg!$F$18=2,EZ5,FQ5)) -> 6 | ... JQ5: =IF(lg!$F$18=1,EQ5,IF(lg!$F$18=2,FH5,FY5)) -> 8 | JS5: =VLOOKUP(JB5,$D$4:$E$33,2,0) -> Real Salt Lake | JT5: =VLOOKUP(JC5,$D$4:$E$33,2,0) -> Philadelphia Union | JU5: =VLOOKUP(JD5,$D$4:$E$33,2,0) -> Columbus | JV5: =VLOOKUP(JE5,$D$4:$E$33,2,0) -> Philadelphia Union | JW5: =VLOOKUP(JF5,$D$4:$E$33,2,0) -> Philadelphia Union | JX5: =VLOOKUP(JG5,$D$4:$E$33,2,0) -> Los Angeles | JY5: =VLOOKUP(JH5,$D$4:$E$33,2,0) -> Los Angeles | JZ5: =VLOOKUP(JI5,$D$4:$E$33,2,0) -> Kansas City | ... KH5: =VLOOKUP(JQ5,$D$4:$E$33,2,0) -> DC United | KL5: 0.29 | KM5: 2 | KN5: =E5 -> New York Red Bulls | KO5: =IF(ISERROR(VLOOKUP(CONCATENATE($KN5,KO$2),$N$2001:$Q$3800,2,0)),0,VLOOKUP(CONCATENATE($KN5,KO$2),$N$2001:$Q$3800,2,0)) -> 3 | KP5: =IF(ISERROR(VLOOKUP(CONCATENATE($KN5,KO$2),$N$2001:$Q$3800,3,0)),0,VLOOKUP(CONCATENATE($KN5,KO$2),$N$2001:$Q$3800,3,0)) -> 1 | KQ5: =IF(ISERROR(VLOOKUP(CONCATENATE($KN5,KO$2),$N$2001:$Q$3800,4,0)),0,VLOOKUP(CONCATENATE($KN5,KO$2),$N$2001:$Q$3800,4,0)) -> 0 | KR5: =IF($KN5=0,-10000000000,1000000000000+KO5*100000000+(KP5-KQ5)*10000+$KL5+KP5) -> 1.0003e+12 | KU5: =RANK(KR5,KR$4:KR$11) -> 3 | KV5: =IF(ISERROR(VLOOKUP(CONCATENATE($KN5,KV$2),$N$2001:$Q$3800,2,0)),0,VLOOKUP(CONCATENATE($KN5,KV$2),$N$2001:$Q$3800,2,0))+KO5 -> 6 | KW5: =IF(ISERROR(VLOOKUP(CONCATENATE($KN5,KV$2),$N$2001:$Q$3800,3,0)),0,VLOOKUP(CONCATENATE($KN5,KV$2),$N$2001:$Q$3800,3,0))+KP5 -> 2 | KX5: =IF(ISERROR(VLOOKUP(CONCATENATE($KN5,KV$2),$N$2001:$Q$3800,4,0)),0,VLOOKUP(CONCATENATE($KN5,KV$2),$N$2001:$Q$3800,4,0))+KQ5 -> 0 | KY5: =IF($KN5=0,-10000000000,1000000000000+KV5*100000000+(KW5-KX5)*10000+$KL5+KW5) -> 1.0006e+12 | LB5: =RANK(KY5,KY$4:KY$11) -> 2 | LC5: =IF(ISERROR(VLOOKUP(CONCATENATE($KN5,LC$2),$N$2001:$Q$3800,2,0)),0,VLOOKUP(CONCATENATE($KN5,LC$2),$N$2001:$Q$3800,2,0))+KV5 -> 6 | LD5: =IF(ISERROR(VLOOKUP(CONCATENATE($KN5,LC$2),$N$2001:$Q$3800,3,0)),0,VLOOKUP(CONCATENATE($KN5,LC$2),$N$2001:$Q$3800,3,0))+KW5 -> 2 | LE5: =IF(ISERROR(VLOOKUP(CONCATENATE($KN5,LC$2),$N$2001:$Q$3800,4,0)),0,VLOOKUP(CONCATENATE($KN5,LC$2),$N$2001:$Q$3800,4,0))+KX5 -> 2 | LF5: =IF($KN5=0,-10000000000,1000000000000+LC5*100000000+(LD5-LE5)*10000+$KL5+LD5) -> 1.0006e+12 | LI5: =RANK(LF5,LF$4:LF$11) -> 4 | LJ5: =IF(ISERROR(VLOOKUP(CONCATENATE($KN5,LJ$2),$N$2001:$Q$3800,2,0)),0,VLOOKUP(CONCATENATE($KN5,LJ$2),$N$2001:$Q$3800,2,0))+LC5 -> 9 | LK5: =IF(ISERROR(VLOOKUP(CONCATENATE($KN5,LJ$2),$N$2001:$Q$3800,3,0)),0,VLOOKUP(CONCATENATE($KN5,LJ$2),$N$2001:$Q$3800,3,0))+LD5 -> 4 | LL5: =IF(ISERROR(VLOOKUP(CONCATENATE($KN5,LJ$2),$N$2001:$Q$3800,4,0)),0,VLOOKUP(CONCATENATE($KN5,LJ$2),$N$2001:$Q$3800,4,0))+LE5 -> 3 | LM5: =IF($KN5=0,-10000000000,1000000000000+LJ5*100000000+(LK5-LL5)*10000+$KL5+LK5) -> 1.0009e+12 | LP5: =RANK(LM5,LM$4:LM$11) -> 1 | LQ5: =IF(ISERROR(VLOOKUP(CONCATENATE($KN5,LQ$2),$N$2001:$Q$3800,2,0)),0,VLOOKUP(CONCATENATE($KN5,LQ$2),$N$2001:$Q$3800,2,0))+LJ5 -> 12 | LR5: =IF(ISERROR(VLOOKUP(CONCATENATE($KN5,LQ$2),$N$2001:$Q$3800,3,0)),0,VLOOKUP(CONCATENATE($KN5,LQ$2),$N$2001:$Q$3800,3,0))+LK5 -> 6 | LS5: =IF(ISERROR(VLOOKUP(CONCATENATE($KN5,LQ$2),$N$2001:$Q$3800,4,0)),0,VLOOKUP(CONCATENATE($KN5,LQ$2),$N$2001:$Q$3800,4,0))+LL5 -> 4 | LT5: =IF($KN5=0,-10000000000,1000000000000+LQ5*100000000+(LR5-LS5)*10000+$KL5+LR5) -> 1.0012e+12 | LW5: =RANK(LT5,LT$4:LT$11) -> 1 | LX5: =IF(ISERROR(VLOOKUP(CONCATENATE($KN5,LX$2),$N$2001:$Q$3800,2,0)),0,VLOOKUP(CONCATENATE($KN5,LX$2),$N$2001:$Q$3800,2,0))+LQ5 -> 15 | LY5: =IF(ISERROR(VLOOKUP(CONCATENATE($KN5,LX$2),$N$2001:$Q$3800,3,0)),0,VLOOKUP(CONCATENATE($KN5,LX$2),$N$2001:$Q$3800,3,0))+LR5 -> 8 | LZ5: =IF(ISERROR(VLOOKUP(CONCATENATE($KN5,LX$2),$N$2001:$Q$3800,4,0)),0,VLOOKUP(CONCATENATE($KN5,LX$2),$N$2001:$Q$3800,4,0))+LS5 -> 4 | MA5: =IF($KN5=0,-10000000000,1000000000000+LX5*100000000+(LY5-LZ5)*10000+$KL5+LY5) -> 1.0015e+12 | MD5: =RANK(MA5,MA$4:MA$11) -> 1 | ME5: =IF(ISERROR(VLOOKUP(CONCATENATE($KN5,ME$2),$N$2001:$Q$3800,2,0)),0,VLOOKUP(CONCATENATE($KN5,ME$2),$N$2001:$Q$3800,2,0))+LX5 -> 15 | MF5: =IF(ISERROR(VLOOKUP(CONCATENATE($KN5,ME$2),$N$2001:$Q$3800,3,0)),0,VLOOKUP(CONCATENATE($KN5,ME$2),$N$2001:$Q$3800,3,0))+LY5 -> 8 | MG5: =IF(ISERROR(VLOOKUP(CONCATENATE($KN5,ME$2),$N$2001:$Q$3800,4,0)),0,VLOOKUP(CONCATENATE($KN5,ME$2),$N$2001:$Q$3800,4,0))+LZ5 -> 8 | MH5: =IF($KN5=0,-10000000000,1000000000000+ME5*100000000+(MF5-MG5)*10000+$KL5+MF5) -> 1.0015e+12 | MK5: =RANK(MH5,MH$4:MH$11) -> 2 | ML5: =IF(ISERROR(VLOOKUP(CONCATENATE($KN5,ML$2),$N$2001:$Q$3800,2,0)),0,VLOOKUP(CONCATENATE($KN5,ML$2),$N$2001:$Q$3800,2,0))+ME5 -> 15 | MM5: =IF(ISERROR(VLOOKUP(CONCATENATE($KN5,ML$2),$N$2001:$Q$3800,3,0)),0,VLOOKUP(CONCATENATE($KN5,ML$2),$N$2001:$Q$3800,3,0))+MF5 -> 8 | MN5: =IF(ISERROR(VLOOKUP(CONCATENATE($KN5,ML$2),$N$2001:$Q$3800,4,0)),0,VLOOKUP(CONCATENATE($KN5,ML$2),$N$2001:$Q$3800,4,0))+MG5 -> 9 | MO5: =IF($KN5=0,-10000000000,1000000000000+ML5*100000000+(MM5-MN5)*10000+$KL5+MM5) -> 1.0015e+12 | MR5: =RANK(MO5,MO$4:MO$11) -> 2 | MS5: =IF(ISERROR(VLOOKUP(CONCATENATE($KN5,MS$2),$N$2001:$Q$3800,2,0)),0,VLOOKUP(CONCATENATE($KN5,MS$2),$N$2001:$Q$3800,2,0))+ML5 -> 15 | MT5: =IF(ISERROR(VLOOKUP(CONCATENATE($KN5,MS$2),$N$2001:$Q$3800,3,0)),0,VLOOKUP(CONCATENATE($KN5,MS$2),$N$2001:$Q$3800,3,0))+MM5 -> 9 | MU5: =IF(ISERROR(VLOOKUP(CONCATENATE($KN5,MS$2),$N$2001:$Q$3800,4,0)),0,VLOOKUP(CONCATENATE($KN5,MS$2),$N$2001:$Q$3800,4,0))+MN5 -> 12 | MV5: =IF($KN5=0,-10000000000,1000000000000+MS5*100000000+(MT5-MU5)*10000+$KL5+MT5) -> 1.0015e+12 | MY5: =RANK(MV5,MV$4:MV$11) -> 2 | MZ5: =IF(ISERROR(VLOOKUP(CONCATENATE($KN5,MZ$2),$N$2001:$Q$3800,2,0)),0,VLOOKUP(CONCATENATE($KN5,MZ$2),$N$2001:$Q$3800,2,0))+MS5 -> 15 | NA5: =IF(ISERROR(VLOOKUP(CONCATENATE($KN5,MZ$2),$N$2001:$Q$3800,3,0)),0,VLOOKUP(CONCATENATE($KN5,MZ$2),$N$2001:$Q$3800,3,0))+MT5 -> 11 | NB5: =IF(ISERROR(VLOOKUP(CONCATENATE($KN5,MZ$2),$N$2001:$Q$3800,4,0)),0,VLOOKUP(CONCATENATE($KN5,MZ$2),$N$2001:$Q$3800,4,0))+MU5 -> 15 | NC5: =IF($KN5=0,-10000000000,1000000000000+MZ5*100000000+(NA5-NB5)*10000+$KL5+NA5) -> 1.0015e+12 | NF5: =RANK(NC5,NC$4:NC$11) -> 3 | NG5: =IF(ISERROR(VLOOKUP(CONCATENATE($KN5,NG$2),$N$2001:$Q$3800,2,0)),0,VLOOKUP(CONCATENATE($KN5,NG$2),$N$2001:$Q$3800,2,0))+MZ5 -> 18 | NH5: =IF(ISERROR(VLOOKUP(CONCATENATE($KN5,NG$2),$N$2001:$Q$3800,3,0)),0,VLOOKUP(CONCATENATE($KN5,NG$2),$N$2001:$Q$3800,3,0))+NA5 -> 13 | NI5: =IF(ISERROR(VLOOKUP(CONCATENATE($KN5,NG$2),$N$2001:$Q$3800,4,0)),0,VLOOKUP(CONCATENATE($KN5,NG$2),$N$2001:$Q$3800,4,0))+NB5 -> 16 | NJ5: =IF($KN5=0,-10000000000,1000000000000+NG5*100000000+(NH5-NI5)*10000+$KL5+NH5) -> 1.0018e+12 | NM5: =RANK(NJ5,NJ$4:NJ$11) -> 2 | NN5: =IF(ISERROR(VLOOKUP(CONCATENATE($KN5,NN$2),$N$2001:$Q$3800,2,0)),0,VLOOKUP(CONCATENATE($KN5,NN$2),$N$2001:$Q$3800,2,0))+NG5 -> 21 | NO5: =IF(ISERROR(VLOOKUP(CONCATENATE($KN5,NN$2),$N$2001:$Q$3800,3,0)),0,VLOOKUP(CONCATENATE($KN5,NN$2),$N$2001:$Q$3800,3,0))+NH5 -> 14 | NP5: =IF(ISERROR(VLOOKUP(CONCATENATE($KN5,NN$2),$N$2001:$Q$3800,4,0)),0,VLOOKUP(CONCATENATE($KN5,NN$2),$N$2001:$Q$3800,4,0))+NI5 -> 16 | NQ5: =IF($KN5=0,-10000000000,1000000000000+NN5*100000000+(NO5-NP5)*10000+$KL5+NO5) -> 1.0021e+12 | NT5: =RANK(NQ5,NQ$4:NQ$11) -> 2 | NU5: =IF(ISERROR(VLOOKUP(CONCATENATE($KN5,NU$2),$N$2001:$Q$3800,2,0)),0,VLOOKUP(CONCATENATE($KN5,NU$2),$N$2001:$Q$3800,2,0))+NN5 -> 24 | NV5: =IF(ISERROR(VLOOKUP(CONCATENATE($KN5,NU$2),$N$2001:$Q$3800,3,0)),0,VLOOKUP(CONCATENATE($KN5,NU$2),$N$2001:$Q$3800,3,0))+NO5 -> 17 | NW5: =IF(ISERROR(VLOOKUP(CONCATENATE($KN5,NU$2),$N$2001:$Q$3800,4,0)),0,VLOOKUP(CONCATENATE($KN5,NU$2),$N$2001:$Q$3800,4,0))+NP5 -> 16 | NX5: =IF($KN5=0,-10000000000,1000000000000+NU5*100000000+(NV5-NW5)*10000+$KL5+NV5) -> 1.0024e+12 | OA5: =RANK(NX5,NX$4:NX$11) -> 2 | OB5: =IF(ISERROR(VLOOKUP(CONCATENATE($KN5,OB$2),$N$2001:$Q$3800,2,0)),0,VLOOKUP(CONCATENATE($KN5,OB$2),$N$2001:$Q$3800,2,0))+NU5 -> 25 | OC5: =IF(ISERROR(VLOOKUP(CONCATENATE($KN5,OB$2),$N$2001:$Q$3800,3,0)),0,VLOOKUP(CONCATENATE($KN5,OB$2),$N$2001:$Q$3800,3,0))+NV5 -> 18 | OD5: =IF(ISERROR(VLOOKUP(CONCATENATE($KN5,OB$2),$N$2001:$Q$3800,4,0)),0,VLOOKUP(CONCATENATE($KN5,OB$2),$N$2001:$Q$3800,4,0))+NW5 -> 17 | OE5: =IF($KN5=0,-10000000000,1000000000000+OB5*100000000+(OC5-OD5)*10000+$KL5+OC5) -> 1.0025e+12 | OH5: =RANK(OE5,OE$4:OE$11) -> 2 | OI5: =IF(ISERROR(VLOOKUP(CONCATENATE($KN5,OI$2),$N$2001:$Q$3800,2,0)),0,VLOOKUP(CONCATENATE($KN5,OI$2),$N$2001:$Q$3800,2,0))+OB5 -> 26 | OJ5: =IF(ISERROR(VLOOKUP(CONCATENATE($KN5,OI$2),$N$2001:$Q$3800,3,0)),0,VLOOKUP(CONCATENATE($KN5,OI$2),$N$2001:$Q$3800,3,0))+OC5 -> 18 | OK5: =IF(ISERROR(VLOOKUP(CONCATENATE($KN5,OI$2),$N$2001:$Q$3800,4,0)),0,VLOOKUP(CONCATENATE($KN5,OI$2),$N$2001:$Q$3800,4,0))+OD5 -> 17 | OL5: =IF($KN5=0,-10000000000,1000000000000+OI5*100000000+(OJ5-OK5)*10000+$KL5+OJ5) -> 1.0026e+12 | OO5: =RANK(OL5,OL$4:OL$11) -> 2 | OP5: =IF(ISERROR(VLOOKUP(CONCATENATE($KN5,OP$2),$N$2001:$Q$3800,2,0)),0,VLOOKUP(CONCATENATE($KN5,OP$2),$N$2001:$Q$3800,2,0))+OI5 -> 26 | OQ5: =IF(ISERROR(VLOOKUP(CONCATENATE($KN5,OP$2),$N$2001:$Q$3800,3,0)),0,VLOOKUP(CONCATENATE($KN5,OP$2),$N$2001:$Q$3800,3,0))+OJ5 -> 18 | OR5: =IF(ISERROR(VLOOKUP(CONCATENATE($KN5,OP$2),$N$2001:$Q$3800,4,0)),0,VLOOKUP(CONCATENATE($KN5,OP$2),$N$2001:$Q$3800,4,0))+OK5 -> 19 | OS5: =IF($KN5=0,-10000000000,1000000000000+OP5*100000000+(OQ5-OR5)*10000+$KL5+OQ5) -> 1.0026e+12 | OV5: =RANK(OS5,OS$4:OS$11) -> 2 | OW5: =IF(ISERROR(VLOOKUP(CONCATENATE($KN5,OW$2),$N$2001:$Q$3800,2,0)),0,VLOOKUP(CONCATENATE($KN5,OW$2),$N$2001:$Q$3800,2,0))+OP5 -> 27 | OX5: =IF(ISERROR(VLOOKUP(CONCATENATE($KN5,OW$2),$N$2001:$Q$3800,3,0)),0,VLOOKUP(CONCATENATE($KN5,OW$2),$N$2001:$Q$3800,3,0))+OQ5 -> 20 | OY5: =IF(ISERROR(VLOOKUP(CONCATENATE($KN5,OW$2),$N$2001:$Q$3800,4,0)),0,VLOOKUP(CONCATENATE($KN5,OW$2),$N$2001:$Q$3800,4,0))+OR5 -> 21 | OZ5: =IF($KN5=0,-10000000000,1000000000000+OW5*100000000+(OX5-OY5)*10000+$KL5+OX5) -> 1.0027e+12 | PC5: =RANK(OZ5,OZ$4:OZ$11) -> 2 | PD5: =IF(ISERROR(VLOOKUP(CONCATENATE($KN5,PD$2),$N$2001:$Q$3800,2,0)),0,VLOOKUP(CONCATENATE($KN5,PD$2),$N$2001:$Q$3800,2,0))+OW5 -> 28 | PE5: =IF(ISERROR(VLOOKUP(CONCATENATE($KN5,PD$2),$N$2001:$Q$3800,3,0)),0,VLOOKUP(CONCATENATE($KN5,PD$2),$N$2001:$Q$3800,3,0))+OX5 -> 20 | PF5: =IF(ISERROR(VLOOKUP(CONCATENATE($KN5,PD$2),$N$2001:$Q$3800,4,0)),0,VLOOKUP(CONCATENATE($KN5,PD$2),$N$2001:$Q$3800,4,0))+OY5 -> 21 | PG5: =IF($KN5=0,-10000000000,1000000000000+PD5*100000000+(PE5-PF5)*10000+$KL5+PE5) -> 1.0028e+12 | PJ5: =RANK(PG5,PG$4:PG$11) -> 2 | PK5: =IF(ISERROR(VLOOKUP(CONCATENATE($KN5,PK$2),$N$2001:$Q$3800,2,0)),0,VLOOKUP(CONCATENATE($KN5,PK$2),$N$2001:$Q$3800,2,0))+PD5 -> 31 | PL5: =IF(ISERROR(VLOOKUP(CONCATENATE($KN5,PK$2),$N$2001:$Q$3800,3,0)),0,VLOOKUP(CONCATENATE($KN5,PK$2),$N$2001:$Q$3800,3,0))+PE5 -> 21 | PM5: =IF(ISERROR(VLOOKUP(CONCATENATE($KN5,PK$2),$N$2001:$Q$3800,4,0)),0,VLOOKUP(CONCATENATE($KN5,PK$2),$N$2001:$Q$3800,4,0))+PF5 -> 21 | PN5: =IF($KN5=0,-10000000000,1000000000000+PK5*100000000+(PL5-PM5)*10000+$KL5+PL5) -> 1.0031e+12 | PQ5: =RANK(PN5,PN$4:PN$11) -> 2 | PR5: =IF(ISERROR(VLOOKUP(CONCATENATE($KN5,PR$2),$N$2001:$Q$3800,2,0)),0,VLOOKUP(CONCATENATE($KN5,PR$2),$N$2001:$Q$3800,2,0))+PK5 -> 31 | PS5: =IF(ISERROR(VLOOKUP(CONCATENATE($KN5,PR$2),$N$2001:$Q$3800,3,0)),0,VLOOKUP(CONCATENATE($KN5,PR$2),$N$2001:$Q$3800,3,0))+PL5 -> 21 | PT5: =IF(ISERROR(VLOOKUP(CONCATENATE($KN5,PR$2),$N$2001:$Q$3800,4,0)),0,VLOOKUP(CONCATENATE($KN5,PR$2),$N$2001:$Q$3800,4,0))+PM5 -> 22 | PU5: =IF($KN5=0,-10000000000,1000000000000+PR5*100000000+(PS5-PT5)*10000+$KL5+PS5) -> 1.0031e+12 | PX5: =RANK(PU5,PU$4:PU$11) -> 2 | PY5: =IF(ISERROR(VLOOKUP(CONCATENATE($KN5,PY$2),$N$2001:$Q$3800,2,0)),0,VLOOKUP(CONCATENATE($KN5,PY$2),$N$2001:$Q$3800,2,0))+PR5 -> 31 | PZ5: =IF(ISERROR(VLOOKUP(CONCATENATE($KN5,PY$2),$N$2001:$Q$3800,3,0)),0,VLOOKUP(CONCATENATE($KN5,PY$2),$N$2001:$Q$3800,3,0))+PS5 -> 21 | QA5: =IF(ISERROR(VLOOKUP(CONCATENATE($KN5,PY$2),$N$2001:$Q$3800,4,0)),0,VLOOKUP(CONCATENATE($KN5,PY$2),$N$2001:$Q$3800,4,0))+PT5 -> 22 | QB5: =IF($KN5=0,-10000000000,1000000000000+PY5*100000000+(PZ5-QA5)*10000+$KL5+PZ5) -> 1.0031e+12 | QE5: =RANK(QB5,QB$4:QB$11) -> 2 | QF5: =IF(ISERROR(VLOOKUP(CONCATENATE($KN5,QF$2),$N$2001:$Q$3800,2,0)),0,VLOOKUP(CONCATENATE($KN5,QF$2),$N$2001:$Q$3800,2,0))+PY5 -> 31 | QG5: =IF(ISERROR(VLOOKUP(CONCATENATE($KN5,QF$2),$N$2001:$Q$3800,3,0)),0,VLOOKUP(CONCATENATE($KN5,QF$2),$N$2001:$Q$3800,3,0))+PZ5 -> 21 | QH5: =IF(ISERROR(VLOOKUP(CONCATENATE($KN5,QF$2),$N$2001:$Q$3800,4,0)),0,VLOOKUP(CONCATENATE($KN5,QF$2),$N$2001:$Q$3800,4,0))+QA5 -> 22 | QI5: =IF($KN5=0,-10000000000,1000000000000+QF5*100000000+(QG5-QH5)*10000+$KL5+QG5) -> 1.0031e+12 | QL5: =RANK(QI5,QI$4:QI$11) -> 2 | QM5: =IF(ISERROR(VLOOKUP(CONCATENATE($KN5,QM$2),$N$2001:$Q$3800,2,0)),0,VLOOKUP(CONCATENATE($KN5,QM$2),$N$2001:$Q$3800,2,0))+QF5 -> 31 | QN5: =IF(ISERROR(VLOOKUP(CONCATENATE($KN5,QM$2),$N$2001:$Q$3800,3,0)),0,VLOOKUP(CONCATENATE($KN5,QM$2),$N$2001:$Q$3800,3,0))+QG5 -> 21 | QO5: =IF(ISERROR(VLOOKUP(CONCATENATE($KN5,QM$2),$N$2001:$Q$3800,4,0)),0,VLOOKUP(CONCATENATE($KN5,QM$2),$N$2001:$Q$3800,4,0))+QH5 -> 22 | QP5: =IF($KN5=0,-10000000000,1000000000000+QM5*100000000+(QN5-QO5)*10000+$KL5+QN5) -> 1.0031e+12 | QS5: =RANK(QP5,QP$4:QP$11) -> 2 | QT5: =IF(ISERROR(VLOOKUP(CONCATENATE($KN5,QT$2),$N$2001:$Q$3800,2,0)),0,VLOOKUP(CONCATENATE($KN5,QT$2),$N$2001:$Q$3800,2,0))+QM5 -> 31 | QU5: =IF(ISERROR(VLOOKUP(CONCATENATE($KN5,QT$2),$N$2001:$Q$3800,3,0)),0,VLOOKUP(CONCATENATE($KN5,QT$2),$N$2001:$Q$3800,3,0))+QN5 -> 21 | QV5: =IF(ISERROR(VLOOKUP(CONCATENATE($KN5,QT$2),$N$2001:$Q$3800,4,0)),0,VLOOKUP(CONCATENATE($KN5,QT$2),$N$2001:$Q$3800,4,0))+QO5 -> 22 | QW5: =IF($KN5=0,-10000000000,1000000000000+QT5*100000000+(QU5-QV5)*10000+$KL5+QU5) -> 1.0031e+12 | QZ5: =RANK(QW5,QW$4:QW$11) -> 2 | RA5: =IF(ISERROR(VLOOKUP(CONCATENATE($KN5,RA$2),$N$2001:$Q$3800,2,0)),0,VLOOKUP(CONCATENATE($KN5,RA$2),$N$2001:$Q$3800,2,0))+QT5 -> 31 | RB5: =IF(ISERROR(VLOOKUP(CONCATENATE($KN5,RA$2),$N$2001:$Q$3800,3,0)),0,VLOOKUP(CONCATENATE($KN5,RA$2),$N$2001:$Q$3800,3,0))+QU5 -> 21 | RC5: =IF(ISERROR(VLOOKUP(CONCATENATE($KN5,RA$2),$N$2001:$Q$3800,4,0)),0,VLOOKUP(CONCATENATE($KN5,RA$2),$N$2001:$Q$3800,4,0))+QV5 -> 22 | RD5: =IF($KN5=0,-10000000000,1000000000000+RA5*100000000+(RB5-RC5)*10000+$KL5+RB5) -> 1.0031e+12 | RG5: =RANK(RD5,RD$4:RD$11) -> 2 | RH5: =IF(ISERROR(VLOOKUP(CONCATENATE($KN5,RH$2),$N$2001:$Q$3800,2,0)),0,VLOOKUP(CONCATENATE($KN5,RH$2),$N$2001:$Q$3800,2,0))+RA5 -> 31 | RI5: =IF(ISERROR(VLOOKUP(CONCATENATE($KN5,RH$2),$N$2001:$Q$3800,3,0)),0,VLOOKUP(CONCATENATE($KN5,RH$2),$N$2001:$Q$3800,3,0))+RB5 -> 21 | RJ5: =IF(ISERROR(VLOOKUP(CONCATENATE($KN5,RH$2),$N$2001:$Q$3800,4,0)),0,VLOOKUP(CONCATENATE($KN5,RH$2),$N$2001:$Q$3800,4,0))+RC5 -> 22 | RK5: =IF($KN5=0,-10000000000,1000000000000+RH5*100000000+(RI5-RJ5)*10000+$KL5+RI5) -> 1.0031e+12 | RN5: =RANK(RK5,RK$4:RK$11) -> 2 | RO5: =IF(ISERROR(VLOOKUP(CONCATENATE($KN5,RO$2),$N$2001:$Q$3800,2,0)),0,VLOOKUP(CONCATENATE($KN5,RO$2),$N$2001:$Q$3800,2,0))+RH5 -> 31 | RP5: =IF(ISERROR(VLOOKUP(CONCATENATE($KN5,RO$2),$N$2001:$Q$3800,3,0)),0,VLOOKUP(CONCATENATE($KN5,RO$2),$N$2001:$Q$3800,3,0))+RI5 -> 21 | RQ5: =IF(ISERROR(VLOOKUP(CONCATENATE($KN5,RO$2),$N$2001:$Q$3800,4,0)),0,VLOOKUP(CONCATENATE($KN5,RO$2),$N$2001:$Q$3800,4,0))+RJ5 -> 22 | RR5: =IF($KN5=0,-10000000000,1000000000000+RO5*100000000+(RP5-RQ5)*10000+$KL5+RP5) -> 1.0031e+12 | RU5: =RANK(RR5,RR$4:RR$11) -> 2 | RV5: =IF(ISERROR(VLOOKUP(CONCATENATE($KN5,RV$2),$N$2001:$Q$3800,2,0)),0,VLOOKUP(CONCATENATE($KN5,RV$2),$N$2001:$Q$3800,2,0))+RO5 -> 31 | RW5: =IF(ISERROR(VLOOKUP(CONCATENATE($KN5,RV$2),$N$2001:$Q$3800,3,0)),0,VLOOKUP(CONCATENATE($KN5,RV$2),$N$2001:$Q$3800,3,0))+RP5 -> 21 | RX5: =IF(ISERROR(VLOOKUP(CONCATENATE($KN5,RV$2),$N$2001:$Q$3800,4,0)),0,VLOOKUP(CONCATENATE($KN5,RV$2),$N$2001:$Q$3800,4,0))+RQ5 -> 22 | RY5: =IF($KN5=0,-10000000000,1000000000000+RV5*100000000+(RW5-RX5)*10000+$KL5+RW5) -> 1.0031e+12 | SB5: =RANK(RY5,RY$4:RY$11) -> 2 | SC5: =IF(ISERROR(VLOOKUP(CONCATENATE($KN5,SC$2),$N$2001:$Q$3800,2,0)),0,VLOOKUP(CONCATENATE($KN5,SC$2),$N$2001:$Q$3800,2,0))+RV5 -> 31 | SD5: =IF(ISERROR(VLOOKUP(CONCATENATE($KN5,SC$2),$N$2001:$Q$3800,3,0)),0,VLOOKUP(CONCATENATE($KN5,SC$2),$N$2001:$Q$3800,3,0))+RW5 -> 21 | SE5: =IF(ISERROR(VLOOKUP(CONCATENATE($KN5,SC$2),$N$2001:$Q$3800,4,0)),0,VLOOKUP(CONCATENATE($KN5,SC$2),$N$2001:$Q$3800,4,0))+RX5 -> 22 | SF5: =IF($KN5=0,-10000000000,1000000000000+SC5*100000000+(SD5-SE5)*10000+$KL5+SD5) -> 1.0031e+12 | SI5: =RANK(SF5,SF$4:SF$11) -> 2 | SJ5: =IF(ISERROR(VLOOKUP(CONCATENATE($KN5,SJ$2),$N$2001:$Q$3800,2,0)),0,VLOOKUP(CONCATENATE($KN5,SJ$2),$N$2001:$Q$3800,2,0))+SC5 -> 31 | SK5: =IF(ISERROR(VLOOKUP(CONCATENATE($KN5,SJ$2),$N$2001:$Q$3800,3,0)),0,VLOOKUP(CONCATENATE($KN5,SJ$2),$N$2001:$Q$3800,3,0))+SD5 -> 21 | SL5: =IF(ISERROR(VLOOKUP(CONCATENATE($KN5,SJ$2),$N$2001:$Q$3800,4,0)),0,VLOOKUP(CONCATENATE($KN5,SJ$2),$N$2001:$Q$3800,4,0))+SE5 -> 22 | SM5: =IF($KN5=0,-10000000000,1000000000000+SJ5*100000000+(SK5-SL5)*10000+$KL5+SK5) -> 1.0031e+12 | SP5: =RANK(SM5,SM$4:SM$11) -> 2 | SQ5: =IF(ISERROR(VLOOKUP(CONCATENATE($KN5,SQ$2),$N$2001:$Q$3800,2,0)),0,VLOOKUP(CONCATENATE($KN5,SQ$2),$N$2001:$Q$3800,2,0))+SJ5 -> 31 | SR5: =IF(ISERROR(VLOOKUP(CONCATENATE($KN5,SQ$2),$N$2001:$Q$3800,3,0)),0,VLOOKUP(CONCATENATE($KN5,SQ$2),$N$2001:$Q$3800,3,0))+SK5 -> 21 | SS5: =IF(ISERROR(VLOOKUP(CONCATENATE($KN5,SQ$2),$N$2001:$Q$3800,4,0)),0,VLOOKUP(CONCATENATE($KN5,SQ$2),$N$2001:$Q$3800,4,0))+SL5 -> 22 | ST5: =IF($KN5=0,-10000000000,1000000000000+SQ5*100000000+(SR5-SS5)*10000+$KL5+SR5) -> 1.0031e+12 | SW5: =RANK(ST5,ST$4:ST$11) -> 2 | SX5: =IF(ISERROR(VLOOKUP(CONCATENATE($KN5,SX$2),$N$2001:$Q$3800,2,0)),0,VLOOKUP(CONCATENATE($KN5,SX$2),$N$2001:$Q$3800,2,0))+SQ5 -> 31 | SY5: =IF(ISERROR(VLOOKUP(CONCATENATE($KN5,SX$2),$N$2001:$Q$3800,3,0)),0,VLOOKUP(CONCATENATE($KN5,SX$2),$N$2001:$Q$3800,3,0))+SR5 -> 21 | SZ5: =IF(ISERROR(VLOOKUP(CONCATENATE($KN5,SX$2),$N$2001:$Q$3800,4,0)),0,VLOOKUP(CONCATENATE($KN5,SX$2),$N$2001:$Q$3800,4,0))+SS5 -> 22 | TA5: =IF($KN5=0,-10000000000,1000000000000+SX5*100000000+(SY5-SZ5)*10000+$KL5+SY5) -> 1.0031e+12 | TD5: =RANK(TA5,TA$4:TA$11) -> 2 | TE5: =IF(ISERROR(VLOOKUP(CONCATENATE($KN5,TE$2),$N$2001:$Q$3800,2,0)),0,VLOOKUP(CONCATENATE($KN5,TE$2),$N$2001:$Q$3800,2,0))+SX5 -> 31 | TF5: =IF(ISERROR(VLOOKUP(CONCATENATE($KN5,TE$2),$N$2001:$Q$3800,3,0)),0,VLOOKUP(CONCATENATE($KN5,TE$2),$N$2001:$Q$3800,3,0))+SY5 -> 21 | TG5: =IF(ISERROR(VLOOKUP(CONCATENATE($KN5,TE$2),$N$2001:$Q$3800,4,0)),0,VLOOKUP(CONCATENATE($KN5,TE$2),$N$2001:$Q$3800,4,0))+SZ5 -> 22 | TH5: =IF($KN5=0,-10000000000,1000000000000+TE5*100000000+(TF5-TG5)*10000+$KL5+TF5) -> 1.0031e+12 | TK5: =RANK(TH5,TH$4:TH$11) -> 2 | TL5: =IF(ISERROR(VLOOKUP(CONCATENATE($KN5,TL$2),$N$2001:$Q$3800,2,0)),0,VLOOKUP(CONCATENATE($KN5,TL$2),$N$2001:$Q$3800,2,0))+TE5 -> 31 | TM5: =IF(ISERROR(VLOOKUP(CONCATENATE($KN5,TL$2),$N$2001:$Q$3800,3,0)),0,VLOOKUP(CONCATENATE($KN5,TL$2),$N$2001:$Q$3800,3,0))+TF5 -> 21 | TN5: =IF(ISERROR(VLOOKUP(CONCATENATE($KN5,TL$2),$N$2001:$Q$3800,4,0)),0,VLOOKUP(CONCATENATE($KN5,TL$2),$N$2001:$Q$3800,4,0))+TG5 -> 22 | TO5: =IF($KN5=0,-10000000000,1000000000000+TL5*100000000+(TM5-TN5)*10000+$KL5+TM5) -> 1.0031e+12 | TR5: =RANK(TO5,TO$4:TO$11) -> 2 | TS5: =IF(ISERROR(VLOOKUP(CONCATENATE($KN5,TS$2),$N$2001:$Q$3800,2,0)),0,VLOOKUP(CONCATENATE($KN5,TS$2),$N$2001:$Q$3800,2,0))+TL5 -> 31 | TT5: =IF(ISERROR(VLOOKUP(CONCATENATE($KN5,TS$2),$N$2001:$Q$3800,3,0)),0,VLOOKUP(CONCATENATE($KN5,TS$2),$N$2001:$Q$3800,3,0))+TM5 -> 21 | TU5: =IF(ISERROR(VLOOKUP(CONCATENATE($KN5,TS$2),$N$2001:$Q$3800,4,0)),0,VLOOKUP(CONCATENATE($KN5,TS$2),$N$2001:$Q$3800,4,0))+TN5 -> 22 | TV5: =IF($KN5=0,-10000000000,1000000000000+TS5*100000000+(TT5-TU5)*10000+$KL5+TT5) -> 1.0031e+12 | TY5: =RANK(TV5,TV$4:TV$11) -> 2 | TZ5: =IF(ISERROR(VLOOKUP(CONCATENATE($KN5,TZ$2),$N$2001:$Q$3800,2,0)),0,VLOOKUP(CONCATENATE($KN5,TZ$2),$N$2001:$Q$3800,2,0))+TS5 -> 31 | UA5: =IF(ISERROR(VLOOKUP(CONCATENATE($KN5,TZ$2),$N$2001:$Q$3800,3,0)),0,VLOOKUP(CONCATENATE($KN5,TZ$2),$N$2001:$Q$3800,3,0))+TT5 -> 21 | UB5: =IF(ISERROR(VLOOKUP(CONCATENATE($KN5,TZ$2),$N$2001:$Q$3800,4,0)),0,VLOOKUP(CONCATENATE($KN5,TZ$2),$N$2001:$Q$3800,4,0))+TU5 -> 22 | UC5: =IF($KN5=0,-10000000000,1000000000000+TZ5*100000000+(UA5-UB5)*10000+$KL5+UA5) -> 1.0031e+12 | UF5: =RANK(UC5,UC$4:UC$11) -> 2 | UG5: =IF(ISERROR(VLOOKUP(CONCATENATE($KN5,UG$2),$N$2001:$Q$3800,2,0)),0,VLOOKUP(CONCATENATE($KN5,UG$2),$N$2001:$Q$3800,2,0))+TZ5 -> 31 | UH5: =IF(ISERROR(VLOOKUP(CONCATENATE($KN5,UG$2),$N$2001:$Q$3800,3,0)),0,VLOOKUP(CONCATENATE($KN5,UG$2),$N$2001:$Q$3800,3,0))+UA5 -> 21 | UI5: =IF(ISERROR(VLOOKUP(CONCATENATE($KN5,UG$2),$N$2001:$Q$3800,4,0)),0,VLOOKUP(CONCATENATE($KN5,UG$2),$N$2001:$Q$3800,4,0))+UB5 -> 22 | UJ5: =IF($KN5=0,-10000000000,1000000000000+UG5*100000000+(UH5-UI5)*10000+$KL5+UH5) -> 1.0031e+12 | UM5: =RANK(UJ5,UJ$4:UJ$11) -> 2 | UN5: =IF(ISERROR(VLOOKUP(CONCATENATE($KN5,UN$2),$N$2001:$Q$3800,2,0)),0,VLOOKUP(CONCATENATE($KN5,UN$2),$N$2001:$Q$3800,2,0))+UG5 -> 31 | UO5: =IF(ISERROR(VLOOKUP(CONCATENATE($KN5,UN$2),$N$2001:$Q$3800,3,0)),0,VLOOKUP(CONCATENATE($KN5,UN$2),$N$2001:$Q$3800,3,0))+UH5 -> 21 | UP5: =IF(ISERROR(VLOOKUP(CONCATENATE($KN5,UN$2),$N$2001:$Q$3800,4,0)),0,VLOOKUP(CONCATENATE($KN5,UN$2),$N$2001:$Q$3800,4,0))+UI5 -> 22 | UQ5: =IF($KN5=0,-10000000000,1000000000000+UN5*100000000+(UO5-UP5)*10000+$KL5+UO5) -> 1.0031e+12 | UT5: =RANK(UQ5,UQ$4:UQ$11) -> 2 | UV5: =KN5 -> New York Red Bulls | UW5: =KU5 -> 3 | UX5: =OFFSET($KU5,0,UX$3) -> 2 | UY5: =OFFSET($KU5,0,UY$3) -> 4 | UZ5: =OFFSET($KU5,0,UZ$3) -> 1 | VA5: =OFFSET($KU5,0,VA$3) -> 1 | VB5: =OFFSET($KU5,0,VB$3) -> 1 | VC5: =OFFSET($KU5,0,VC$3) -> 2 | VD5: =OFFSET($KU5,0,VD$3) -> 2 | VE5: =OFFSET($KU5,0,VE$3) -> 2 | ... WH5: =OFFSET($KU5,0,WH$3) -> 2 | WK5: =UV5 -> New York Red Bulls | WL5: 2 | WM5: 2 | WN5: =IF($WI$2>=WN$3,UW5,NA()) -> 3 | WO5: =IF($WI$2>=WO$3,UX5,NA()) -> 2 | WP5: =IF($WI$2>=WP$3,UY5,NA()) -> 4 | WQ5: =IF($WI$2>=WQ$3,UZ5,NA()) -> 1 | WR5: =IF($WI$2>=WR$3,VA5,NA()) -> 1 | WS5: =IF($WI$2>=WS$3,VB5,NA()) -> 1 | WT5: =IF($WI$2>=WT$3,VC5,NA()) -> 2 | WU5: =IF($WI$2>=WU$3,VD5,NA()) -> 2 | ... XY5: =IF($WI$2>=XY$3,WH5,NA()) -> #N/A | YB5: =Fixture!E3 -> Dallas | YC5: =IF(ISERROR(VLOOKUP(YB5,$E$4:$E$11,1,0)),"",YB5) | YE5: =VLOOKUP($YC5,$WK$4:WL$33,YE$3+3,0) -> #N/A | YF5: =VLOOKUP($YC5,$WK$4:WM$33,YF$3+3,0) -> #N/A | YG5: =VLOOKUP($YC5,$WK$4:WN$33,YG$3+3,0) -> #N/A | YH5: =VLOOKUP($YC5,$WK$4:WO$33,YH$3+3,0) -> #N/A | YI5: =VLOOKUP($YC5,$WK$4:WP$33,YI$3+3,0) -> #N/A | YJ5: =VLOOKUP($YC5,$WK$4:WQ$33,YJ$3+3,0) -> #N/A | YK5: =VLOOKUP($YC5,$WK$4:WR$33,YK$3+3,0) -> #N/A | YL5: =VLOOKUP($YC5,$WK$4:WS$33,YL$3+3,0) -> #N/A | ... ZR5: =VLOOKUP($YC5,$WK$4:XY$33,ZR$3+3,0) -> #N/A
D6: 3 | E6: Toronto FC | F6: =SUMIF('ef-FT'!$C$2001:$C$3800,E6,'ef-FT'!$E$2001:$E$3800) -> 19 | G6: =SUMIF('ef-FT'!$C$2001:$C$3800,E6,'ef-FT'!$F$2001:$F$3800) -> 7 | H6: =SUMIF('ef-FT'!$C$2001:$C$3800,E6,'ef-FT'!$G$2001:$G$3800) -> 5 | I6: =SUMIF('ef-FT'!$C$2001:$C$3800,E6,'ef-FT'!$H$2001:$H$3800) -> 7 | J6: =SUMIF('ef-FT'!$C$2001:$C$3800,E6,'ef-FT'!$D$2001:$D$3800) -> 26 | K6: =SUMIF('ef-FT'!$C$2001:$C$3800,E6,'ef-FT'!$I$2001:$I$3800) -> 21 | L6: =SUMIF('ef-FT'!$C$2001:$C$3800,E6,'ef-FT'!$J$2001:$J$3800) -> 21 | M6: =CONCATENATE(K6, " - ",L6) -> 21 - 21 | N6: =K6-L6 -> 0 | O6: =SUMIF('ef-FT'!$C$2001:$C$3800,$E6,'ef-FT'!$K$2001:$K$3800) -> 6 | P6: =SUMIF('ef-FT'!$C$2001:$C$3800,$E6,'ef-FT'!$L$2001:$L$3800) -> 6 | R6: =SUMIF('ef-FT'!$C$2001:$C$2999,$E6,'ef-FT'!$E$2001:$E$2999) -> 10 | S6: =SUMIF('ef-FT'!$C$2001:$C$2999,$E6,'ef-FT'!$F$2001:$F$2999) -> 6 | T6: =SUMIF('ef-FT'!$C$2001:$C$2999,$E6,'ef-FT'!$G$2001:$G$2999) -> 4 | U6: =SUMIF('ef-FT'!$C$2001:$C$2999,$E6,'ef-FT'!$H$2001:$H$2999) -> 0 | V6: =SUMIF('ef-FT'!$C$2001:$C$2999,$E6,'ef-FT'!$D$2001:$D$2999) -> 22 | W6: =SUMIF('ef-FT'!$C$2001:$C$2999,$E6,'ef-FT'!$I$2001:$I$2999) -> 14 | X6: =SUMIF('ef-FT'!$C$2001:$C$2999,$E6,'ef-FT'!$J$2001:$J$2999) -> 5 | Y6: =CONCATENATE(W6, " - ",X6) -> 14 - 5 | Z6: =W6-X6 -> 9 | AA6: =SUMIF('ef-FT'!$C$2001:$C$2999,$E6,'ef-FT'!$K$2001:$K$2999) -> 2 | AB6: =SUMIF('ef-FT'!$C$2001:$C$2999,$E6,'ef-FT'!$L$2001:$L$2999) -> 5 | AD6: =SUMIF('ef-FT'!$C$3000:$C$3800,$E6,'ef-FT'!$E$3000:$E$3800) -> 9 | AE6: =SUMIF('ef-FT'!$C$3000:$C$3800,$E6,'ef-FT'!$F$3000:$F$3800) -> 1 | AF6: =SUMIF('ef-FT'!$C$3000:$C$3800,$E6,'ef-FT'!$G$3000:$G$3800) -> 1 | AG6: =SUMIF('ef-FT'!$C$3000:$C$3800,$E6,'ef-FT'!$H$3000:$H$3800) -> 7 | AH6: =SUMIF('ef-FT'!$C$3000:$C$3800,$E6,'ef-FT'!$D$3000:$D$3800) -> 4 | AI6: =SUMIF('ef-FT'!$C$3000:$C$3800,$E6,'ef-FT'!$I$3000:$I$3800) -> 7 | AJ6: =SUMIF('ef-FT'!$C$3000:$C$3800,$E6,'ef-FT'!$J$3000:$J$3800) -> 16 | AK6: =CONCATENATE(AI6, " - ",AJ6) -> 7 - 16 | AL6: =AI6-AJ6 -> -9 | AM6: =SUMIF('ef-FT'!$C$3000:$C$3800,$E6,'ef-FT'!$K$3000:$K$3800) -> 4 | AN6: =SUMIF('ef-FT'!$C$3000:$C$3800,$E6,'ef-FT'!$L$3000:$L$3800) -> 1 | AP6: 0.28 | AQ6: =IF(E6=0,-10000000000,1000000000000+J6*100000000+N6*10000+K6+AP6) -> 1.0026e+12 | AR6: 3 | AS6: =LARGE($AQ$4:$AQ$11,D6) -> 1.0026e+12 | AT6: =VLOOKUP(AS6,$AQ$4:$AR$33,2,0) -> 3 | AU6: =VLOOKUP(AT6,$D$4:$N$33,2,0) -> Toronto FC | AV6: =VLOOKUP(AT6,$D$4:$N$33,3,0) -> 19 | AW6: =VLOOKUP(AT6,$D$4:$N$33,4,0) -> 7 | AX6: =VLOOKUP(AT6,$D$4:$N$33,5,0) -> 5 | AY6: =VLOOKUP(AT6,$D$4:$N$33,6,0) -> 7 | AZ6: =VLOOKUP(AT6,$D$4:$N$33,7,0) -> 26 | BA6: =VLOOKUP(AT6,$D$4:$N$33,10,0) -> 21 - 21 | BB6: =VLOOKUP(AT6,$D$4:$N$33,11,0) -> 0 | BC6: =VLOOKUP($AT6,$D$4:R$33,15,0) -> 10 | BD6: =VLOOKUP($AT6,$D$4:S$33,16,0) -> 6 | BE6: =VLOOKUP($AT6,$D$4:T$33,17,0) -> 4 | BF6: =VLOOKUP($AT6,$D$4:U$33,18,0) -> 0 | BG6: =VLOOKUP($AT6,$D$4:V$33,19,0) -> 22 | BH6: =VLOOKUP($AT6,$D$4:Y$33,22,0) -> 14 - 5 | BI6: =VLOOKUP($AT6,$D$4:Z$33,23,0) -> 9 | BJ6: =VLOOKUP($AT6,$D$4:AD$33,27,0) -> 9 | BK6: =VLOOKUP($AT6,$D$4:AE$33,28,0) -> 1 | BL6: =VLOOKUP($AT6,$D$4:AF$33,29,0) -> 1 | BM6: =VLOOKUP($AT6,$D$4:AG$33,30,0) -> 7 | BN6: =VLOOKUP($AT6,$D$4:AH$33,31,0) -> 4 | BO6: =VLOOKUP($AT6,$D$4:AK$35,34,0) -> 7 - 16 | BP6: =VLOOKUP($AT6,$D$4:AL$35,35,0) -> -9 | BS6: - 09:30 | BT6: 0.39583333 | BU6: =BT6-$BU$2 -> 0.22916667 | BV6: menos | CA6: =IF($E6=0,-1+$AP6,J6+$AP6) -> 26.28 | CB6: =IF(CA6<0,100000-$AP6,J6-$AP6) -> 25.72 | CC6: =IF($E6=0,-1+$AP6,G6+$AP6) -> 7.28 | CD6: =IF(CC6<0,100000-$AP6,G6-$AP6) -> 6.72 | CE6: =IF($E6=0,-1+$AP6,I6+$AP6) -> 7.28 | CF6: =IF(CE6<0,100000-$AP6,I6-$AP6) -> 6.72 | CG6: =IF($E6=0,-1+$AP6,K6+$AP6) -> 21.28 | CH6: =IF(CG6<0,100000-$AP6,K6-$AP6) -> 20.72 | CI6: =IF($E6=0,-1+$AP6,L6+$AP6) -> 21.28 | CJ6: =IF(CI6<0,100000-$AP6,L6-$AP6) -> 20.72 | CK6: =IF($E6=0,-100000+$AP6,N6+$AP6) -> 0.28 | CL6: =IF(CK6<-50000,100000+$AP6,N6-$AP6) -> -0.28 | CM6: =IF($E6=0,-1+$AP6,O6+$AP6) -> 6.28 | CN6: =IF(CM6<0,100000-$AP6,O6-$AP6) -> 5.72 | CO6: =IF($E6=0,-1+$AP6,P6+$AP6) -> 6.28 | CP6: =IF(CO6<0,100000-$AP6,P6-$AP6) -> 5.72 | CR6: =IF($E6=0,-1+$AP6,V6+$AP6) -> 22.28 | CS6: =IF(CR6<0,100000-$AP6,V6-$AP6) -> 21.72 | CT6: =IF($E6=0,-1+$AP6,S6+$AP6) -> 6.28 | CU6: =IF(CT6<0,100000-$AP6,S6-$AP6) -> 5.72 | CV6: =IF($E6=0,-1+$AP6,U6+$AP6) -> 0.28 | CW6: =IF(CV6<0,100000-$AP6,U6-$AP6) -> -0.28 | CX6: =IF($E6=0,-1+$AP6,W6+$AP6) -> 14.28 | CY6: =IF(CX6<0,100000-$AP6,W6-$AP6) -> 13.72 | CZ6: =IF($E6=0,-1+$AP6,X6+$AP6) -> 5.28 | DA6: =IF(CZ6<0,100000-$AP6,X6-$AP6) -> 4.72 | DB6: =IF($E6=0,-100000+$AP6,Z6+$AP6) -> 9.28 | DC6: =IF(DB6<-50000,100000+$AP6,Z6-$AP6) -> 8.72 | DD6: =IF($E6=0,-1+$AP6,AA6+$AP6) -> 2.28 | DE6: =IF(DD6<0,100000-$AP6,AA6-$AP6) -> 1.72 | DF6: =IF($E6=0,-1+$AP6,AB6+$AP6) -> 5.28 | DG6: =IF(DF6<0,100000-$AP6,AB6-$AP6) -> 4.72 | DI6: =IF($E6=0,-1+$AP6,AH6+$AP6) -> 4.28 | DJ6: =IF(DI6<0,100000-$AP6,AH36-$AP6) -> -0.28 | DK6: =IF($E6=0,-1+$AP6,AE6+$AP6) -> 1.28 | DL6: =IF(DK6<0,100000-$AP6,AE6-$AP6) -> 0.72 | DM6: =IF($E6=0,-1+$AP6,AG6+$AP6) -> 7.28 | DN6: =IF(DM6<0,100000-$AP6,AG6-$AP6) -> 6.72 | DO6: =IF($E6=0,-1+$AP6,AI6+$AP6) -> 7.28 | DP6: =IF(DO6<0,100000-$AP6,AI6-$AP6) -> 6.72 | DQ6: =IF($E6=0,-1+$AP6,AJ6+$AP6) -> 16.28 | DR6: =IF(DQ6<0,100000-$AP6,AJ6-$AP6) -> 15.72 | DS6: =IF($E6=0,-100000+$AP6,AL6+$AP6) -> -8.72 | DT6: =IF(DS6<-50000,100000+$AP6,AL6-$AP6) -> -9.28 | DU6: =IF($E6=0,-1+$AP6,AM6+$AP6) -> 4.28 | DV6: =IF(DU6<0,100000-$AP6,AM6-$AP6) -> 3.72 | DW6: =IF($E6=0,-1+$AP6,AN6+$AP6) -> 1.28 | DX6: =IF(DW6<0,100000-$AP6,AN6-$AP6) -> 0.72 | DZ6: 3 | EA6: 28 | EB6: =MATCH(LARGE(CA$4:CA$33,$DZ6),CA$4:CA$33,0) -> 1 | EC6: =MATCH(LARGE(CB$4:CB$33,$EA6),CB$4:CB$33,0) -> 16 | ED6: =MATCH(LARGE(CC$4:CC$33,$DZ6),CC$4:CC$33,0) -> 10 | EE6: =MATCH(LARGE(CD$4:CD$33,$EA6),CD$4:CD$33,0) -> 5 | EF6: =MATCH(LARGE(CE$4:CE$33,$DZ6),CE$4:CE$33,0) -> 15 | EG6: =MATCH(LARGE(CF$4:CF$33,$EA6),CF$4:CF$33,0) -> 10 | EH6: =MATCH(LARGE(CG$4:CG$33,$DZ6),CG$4:CG$33,0) -> 1 | EI6: =MATCH(LARGE(CH$4:CH$33,$EA6),CH$4:CH$33,0) -> 4 | EJ6: =MATCH(LARGE(CI$4:CI$33,$DZ6),CI$4:CI$33,0) -> 15 | EK6: =MATCH(LARGE(CJ$4:CJ$33,$EA6),CJ$4:CJ$33,0) -> 11 | EL6: =MATCH(LARGE(CK$4:CK$33,$DZ6),CK$4:CK$33,0) -> 11 | EM6: =MATCH(LARGE(CL$4:CL$33,$EA6),CL$4:CL$33,0) -> 4 | EN6: =MATCH(LARGE(CM$4:CM$33,$DZ6),CM$4:CM$33,0) -> 4 | EO6: =MATCH(LARGE(CN$4:CN$33,$EA6),CN$4:CN$33,0) -> 7 | EP6: =MATCH(LARGE(CO$4:CO$33,$DZ6),CO$4:CO$33,0) -> 1 | EQ6: =MATCH(LARGE(CP$4:CP$33,$EA6),CP$4:CP$33,0) -> 5 | ES6: =MATCH(LARGE(CR$4:CR$33,$DZ6),CR$4:CR$33,0) -> 3 | ET6: =MATCH(LARGE(CS$4:CS$33,$EA6),CS$4:CS$33,0) -> 16 | EU6: =MATCH(LARGE(CT$4:CT$33,$DZ6),CT$4:CT$33,0) -> 2 | EV6: =MATCH(LARGE(CU$4:CU$33,$EA6),CU$4:CU$33,0) -> 7 | EW6: =MATCH(LARGE(CV$4:CV$33,$DZ6),CV$4:CV$33,0) -> 16 | EX6: =MATCH(LARGE(CW$4:CW$33,$EA6),CW$4:CW$33,0) -> 9 | EY6: =MATCH(LARGE(CX$4:CX$33,$DZ6),CX$4:CX$33,0) -> 1 | EZ6: =MATCH(LARGE(CY$4:CY$33,$EA6),CY$4:CY$33,0) -> 2 | FA6: =MATCH(LARGE(CZ$4:CZ$33,$DZ6),CZ$4:CZ$33,0) -> 12 | FB6: =MATCH(LARGE(DA$4:DA$33,$EA6),DA$4:DA$33,0) -> 10 | FC6: =MATCH(LARGE(DB$4:DB$33,$DZ6),DB$4:DB$33,0) -> 9 | FD6: =MATCH(LARGE(DC$4:DC$33,$EA6),DC$4:DC$33,0) -> 5 | FE6: =MATCH(LARGE(DD$4:DD$33,$DZ6),DD$4:DD$33,0) -> 2 | FF6: =MATCH(LARGE(DE$4:DE$33,$EA6),DE$4:DE$33,0) -> 10 | FG6: =MATCH(LARGE(DF$4:DF$33,$DZ6),DF$4:DF$33,0) -> 3 | FH6: =MATCH(LARGE(DG$4:DG$33,$EA6),DG$4:DG$33,0) -> 5 | FJ6: =MATCH(LARGE(DI$4:DI$33,$DZ6),DI$4:DI$33,0) -> 1 | FK6: =MATCH(LARGE(DJ$4:DJ$33,$EA6),DJ$4:DJ$33,0) -> 3 | FL6: =MATCH(LARGE(DK$4:DK$33,$DZ6),DK$4:DK$33,0) -> 2 | FM6: =MATCH(LARGE(DL$4:DL$33,$EA6),DL$4:DL$33,0) -> 6 | FN6: =MATCH(LARGE(DM$4:DM$33,$DZ6),DM$4:DM$33,0) -> 8 | FO6: =MATCH(LARGE(DN$4:DN$33,$EA6),DN$4:DN$33,0) -> 1 | FP6: =MATCH(LARGE(DO$4:DO$33,$DZ6),DO$4:DO$33,0) -> 1 | FQ6: =MATCH(LARGE(DP$4:DP$33,$EA6),DP$4:DP$33,0) -> 8 | FR6: =MATCH(LARGE(DQ$4:DQ$33,$DZ6),DQ$4:DQ$33,0) -> 15 | FS6: =MATCH(LARGE(DR$4:DR$33,$EA6),DR$4:DR$33,0) -> 11 | FT6: =MATCH(LARGE(DS$4:DS$33,$DZ6),DS$4:DS$33,0) -> 10 | FU6: =MATCH(LARGE(DT$4:DT$33,$EA6),DT$4:DT$33,0) -> 15 | FV6: =MATCH(LARGE(DU$4:DU$33,$DZ6),DU$4:DU$33,0) -> 6 | FW6: =MATCH(LARGE(DV$4:DV$33,$EA6),DV$4:DV$33,0) -> 1 | FX6: =MATCH(LARGE(DW$4:DW$33,$DZ6),DW$4:DW$33,0) -> 12 | FY6: =MATCH(LARGE(DX$4:DX$33,$EA6),DX$4:DX$33,0) -> 4 | GA6: =IF(lg!$C$18=1,EB6,IF(lg!$C$18=2,ES6,FJ6)) -> 1 | GB6: =IF(lg!$C$18=1,EC6,IF(lg!$C$18=2,ET6,FK6)) -> 16 | GC6: =IF(lg!$C$18=1,ED6,IF(lg!$C$18=2,EU6,FL6)) -> 10 | GD6: =IF(lg!$C$18=1,EE6,IF(lg!$C$18=2,EV6,FM6)) -> 5 | GE6: =IF(lg!$C$18=1,EF6,IF(lg!$C$18=2,EW6,FN6)) -> 15 | GF6: =IF(lg!$C$18=1,EG6,IF(lg!$C$18=2,EX6,FO6)) -> 10 | GG6: =IF(lg!$C$18=1,EH6,IF(lg!$C$18=2,EY6,FP6)) -> 1 | GH6: =IF(lg!$C$18=1,EI6,IF(lg!$C$18=2,EZ6,FQ6)) -> 4 | ... GP6: =IF(lg!$C$18=1,EQ6,IF(lg!$C$18=2,FH6,FY6)) -> 5 | GR6: =VLOOKUP(GA6,$D$4:$E$33,2,0) -> Columbus | GS6: =VLOOKUP(GB6,$D$4:$E$33,2,0) -> Chivas USA | GT6: =VLOOKUP(GC6,$D$4:$E$33,2,0) -> Real Salt Lake | GU6: =VLOOKUP(GD6,$D$4:$E$33,2,0) -> Chicago | GV6: =VLOOKUP(GE6,$D$4:$E$33,2,0) -> Houston | GW6: =VLOOKUP(GF6,$D$4:$E$33,2,0) -> Real Salt Lake | GX6: =VLOOKUP(GG6,$D$4:$E$33,2,0) -> Columbus | GY6: =VLOOKUP(GH6,$D$4:$E$33,2,0) -> New England | ... HG6: =VLOOKUP(GP6,$D$4:$E$33,2,0) -> Chicago | HI6: 3 | HJ6: =IF(lg!$C$18=1,F6,IF(lg!$C$18=2,R6,AD6)) -> 19 | HK6: =IF(lg!$C$18=1,G6,IF(lg!$C$18=2,S6,AE6)) -> 7 | HL6: =IF(lg!$C$18=1,H6,IF(lg!$C$18=2,T6,AF6)) -> 5 | HM6: =IF(lg!$C$18=1,I6,IF(lg!$C$18=2,U6,AG6)) -> 7 | HN6: =IF(lg!$C$18=1,J6,IF(lg!$C$18=2,V6,AH6)) -> 26 | HO6: =IF(lg!$C$18=1,K6,IF(lg!$C$18=2,W6,AI6)) -> 21 | HP6: =IF(lg!$C$18=1,L6,IF(lg!$C$18=2,X6,AJ6)) -> 21 | HQ6: =IF(lg!$C$18=1,M6,IF(lg!$C$18=2,Y6,AK6)) -> 21 - 21 | ... HT6: =IF(lg!$C$18=1,P6,IF(lg!$C$18=2,AB6,AN6)) -> 6 | HV6: =VLOOKUP(GA6,$HI$4:$HT$33,6,0) -> 37 | HW6: =VLOOKUP(GB6,$HI$4:$HT$33,6,0) -> 19 | HX6: =VLOOKUP(GC6,$HI$4:$HT$33,3,0) -> 11 | HY6: =VLOOKUP(GD6,$HI$4:$HT$33,3,0) -> 5 | HZ6: =VLOOKUP(GE6,$HI$4:$HT$33,5,0) -> 10 | IA6: =VLOOKUP(GF6,$HI$4:$HT$33,5,0) -> 4 | IB6: =VLOOKUP(GG6,$HI$4:$HT$33,7,0) -> 28 | IC6: =VLOOKUP(GH6,$HI$4:$HT$33,7,0) -> 18 | ID6: =VLOOKUP(GI6,$HI$4:$HT$33,8,0) -> 30 | IE6: =VLOOKUP(GJ6,$HI$4:$HT$33,8,0) -> 17 | IF6: =VLOOKUP(GK6,$HI$4:$HT$33,10,0) -> 10 | IG6: =VLOOKUP(GL6,$HI$4:$HT$33,10,0) -> -9 | IH6: =VLOOKUP(GM6,$HI$4:$HT$33,11,0) -> 8 | II6: =VLOOKUP(GN6,$HI$4:$HT$33,11,0) -> 3 | IJ6: =VLOOKUP(GO6,$HI$4:$HT$33,12,0) -> 8 | IK6: =VLOOKUP(GP6,$HI$4:$HT$33,12,0) -> 4 | IN6: Fewest Losses | IO6: Overall | IP6: =VLOOKUP('ef-TeamStats'!B2,Table!$B$4:$W$23,5,0) -> 3 | IQ6: =VLOOKUP('ef-TeamStats'!$B$2,Table!$B$4:$W$23,2,0) -> 20 | IR6: =IF(IQ6=0,0,IP6/IQ6) -> 0.15 | IS6: =MATCH('ef-TeamStats'!$B$2,$JX$4:$JX$33,0) -> 2 | IU6: Overall | IV6: =VLOOKUP('ef-TeamStats'!G2,Table!$B$4:$W$23,5,0) -> 2 | IW6: =VLOOKUP('ef-TeamStats'!$G$2,Table!$B$4:$W$23,2,0) -> 19 | IX6: =IF(IW6=0,0,IV6/IW6) -> 0.10526316 | IY6: =MATCH('ef-TeamStats'!$G$2,$JW$4:$JW$33,0) -> 16 | JB6: =IF(lg!$F$18=1,EB6,IF(lg!$F$18=2,ES6,FJ6)) -> 1 | JC6: =IF(lg!$F$18=1,EC6,IF(lg!$F$18=2,ET6,FK6)) -> 16 | JD6: =IF(lg!$F$18=1,ED6,IF(lg!$F$18=2,EU6,FL6)) -> 10 | JE6: =IF(lg!$F$18=1,EE6,IF(lg!$F$18=2,EV6,FM6)) -> 5 | JF6: =IF(lg!$F$18=1,EF6,IF(lg!$F$18=2,EW6,FN6)) -> 15 | JG6: =IF(lg!$F$18=1,EG6,IF(lg!$F$18=2,EX6,FO6)) -> 10 | JH6: =IF(lg!$F$18=1,EH6,IF(lg!$F$18=2,EY6,FP6)) -> 1 | JI6: =IF(lg!$F$18=1,EI6,IF(lg!$F$18=2,EZ6,FQ6)) -> 4 | ... JQ6: =IF(lg!$F$18=1,EQ6,IF(lg!$F$18=2,FH6,FY6)) -> 5 | JS6: =VLOOKUP(JB6,$D$4:$E$33,2,0) -> Columbus | JT6: =VLOOKUP(JC6,$D$4:$E$33,2,0) -> Chivas USA | JU6: =VLOOKUP(JD6,$D$4:$E$33,2,0) -> Real Salt Lake | JV6: =VLOOKUP(JE6,$D$4:$E$33,2,0) -> Chicago | JW6: =VLOOKUP(JF6,$D$4:$E$33,2,0) -> Houston | JX6: =VLOOKUP(JG6,$D$4:$E$33,2,0) -> Real Salt Lake | JY6: =VLOOKUP(JH6,$D$4:$E$33,2,0) -> Columbus | JZ6: =VLOOKUP(JI6,$D$4:$E$33,2,0) -> New England | ... KH6: =VLOOKUP(JQ6,$D$4:$E$33,2,0) -> Chicago | KL6: 0.28 | KM6: 3 | KN6: =E6 -> Toronto FC | KO6: =IF(ISERROR(VLOOKUP(CONCATENATE($KN6,KO$2),$N$2001:$Q$3800,2,0)),0,VLOOKUP(CONCATENATE($KN6,KO$2),$N$2001:$Q$3800,2,0)) -> 0 | KP6: =IF(ISERROR(VLOOKUP(CONCATENATE($KN6,KO$2),$N$2001:$Q$3800,3,0)),0,VLOOKUP(CONCATENATE($KN6,KO$2),$N$2001:$Q$3800,3,0)) -> 0 | KQ6: =IF(ISERROR(VLOOKUP(CONCATENATE($KN6,KO$2),$N$2001:$Q$3800,4,0)),0,VLOOKUP(CONCATENATE($KN6,KO$2),$N$2001:$Q$3800,4,0)) -> 2 | KR6: =IF($KN6=0,-10000000000,1000000000000+KO6*100000000+(KP6-KQ6)*10000+$KL6+KP6) -> 9.9999998e+11 | KU6: =RANK(KR6,KR$4:KR$11) -> 6 | KV6: =IF(ISERROR(VLOOKUP(CONCATENATE($KN6,KV$2),$N$2001:$Q$3800,2,0)),0,VLOOKUP(CONCATENATE($KN6,KV$2),$N$2001:$Q$3800,2,0))+KO6 -> 0 | KW6: =IF(ISERROR(VLOOKUP(CONCATENATE($KN6,KV$2),$N$2001:$Q$3800,3,0)),0,VLOOKUP(CONCATENATE($KN6,KV$2),$N$2001:$Q$3800,3,0))+KP6 -> 1 | KX6: =IF(ISERROR(VLOOKUP(CONCATENATE($KN6,KV$2),$N$2001:$Q$3800,4,0)),0,VLOOKUP(CONCATENATE($KN6,KV$2),$N$2001:$Q$3800,4,0))+KQ6 -> 6 | KY6: =IF($KN6=0,-10000000000,1000000000000+KV6*100000000+(KW6-KX6)*10000+$KL6+KW6) -> 9.9999995e+11 | LB6: =RANK(KY6,KY$4:KY$11) -> 7 | LC6: =IF(ISERROR(VLOOKUP(CONCATENATE($KN6,LC$2),$N$2001:$Q$3800,2,0)),0,VLOOKUP(CONCATENATE($KN6,LC$2),$N$2001:$Q$3800,2,0))+KV6 -> 3 | LD6: =IF(ISERROR(VLOOKUP(CONCATENATE($KN6,LC$2),$N$2001:$Q$3800,3,0)),0,VLOOKUP(CONCATENATE($KN6,LC$2),$N$2001:$Q$3800,3,0))+KW6 -> 3 | LE6: =IF(ISERROR(VLOOKUP(CONCATENATE($KN6,LC$2),$N$2001:$Q$3800,4,0)),0,VLOOKUP(CONCATENATE($KN6,LC$2),$N$2001:$Q$3800,4,0))+KX6 -> 7 | LF6: =IF($KN6=0,-10000000000,1000000000000+LC6*100000000+(LD6-LE6)*10000+$KL6+LD6) -> 1.0003e+12 | LI6: =RANK(LF6,LF$4:LF$11) -> 6 | LJ6: =IF(ISERROR(VLOOKUP(CONCATENATE($KN6,LJ$2),$N$2001:$Q$3800,2,0)),0,VLOOKUP(CONCATENATE($KN6,LJ$2),$N$2001:$Q$3800,2,0))+LC6 -> 3 | LK6: =IF(ISERROR(VLOOKUP(CONCATENATE($KN6,LJ$2),$N$2001:$Q$3800,3,0)),0,VLOOKUP(CONCATENATE($KN6,LJ$2),$N$2001:$Q$3800,3,0))+LD6 -> 4 | LL6: =IF(ISERROR(VLOOKUP(CONCATENATE($KN6,LJ$2),$N$2001:$Q$3800,4,0)),0,VLOOKUP(CONCATENATE($KN6,LJ$2),$N$2001:$Q$3800,4,0))+LE6 -> 10 | LM6: =IF($KN6=0,-10000000000,1000000000000+LJ6*100000000+(LK6-LL6)*10000+$KL6+LK6) -> 1.0002999e+12 | LP6: =RANK(LM6,LM$4:LM$11) -> 7 | LQ6: =IF(ISERROR(VLOOKUP(CONCATENATE($KN6,LQ$2),$N$2001:$Q$3800,2,0)),0,VLOOKUP(CONCATENATE($KN6,LQ$2),$N$2001:$Q$3800,2,0))+LJ6 -> 6 | LR6: =IF(ISERROR(VLOOKUP(CONCATENATE($KN6,LQ$2),$N$2001:$Q$3800,3,0)),0,VLOOKUP(CONCATENATE($KN6,LQ$2),$N$2001:$Q$3800,3,0))+LK6 -> 6 | LS6: =IF(ISERROR(VLOOKUP(CONCATENATE($KN6,LQ$2),$N$2001:$Q$3800,4,0)),0,VLOOKUP(CONCATENATE($KN6,LQ$2),$N$2001:$Q$3800,4,0))+LL6 -> 10 | LT6: =IF($KN6=0,-10000000000,1000000000000+LQ6*100000000+(LR6-LS6)*10000+$KL6+LR6) -> 1.0006e+12 | LW6: =RANK(LT6,LT$4:LT$11) -> 6 | LX6: =IF(ISERROR(VLOOKUP(CONCATENATE($KN6,LX$2),$N$2001:$Q$3800,2,0)),0,VLOOKUP(CONCATENATE($KN6,LX$2),$N$2001:$Q$3800,2,0))+LQ6 -> 6 | LY6: =IF(ISERROR(VLOOKUP(CONCATENATE($KN6,LX$2),$N$2001:$Q$3800,3,0)),0,VLOOKUP(CONCATENATE($KN6,LX$2),$N$2001:$Q$3800,3,0))+LR6 -> 7 | LZ6: =IF(ISERROR(VLOOKUP(CONCATENATE($KN6,LX$2),$N$2001:$Q$3800,4,0)),0,VLOOKUP(CONCATENATE($KN6,LX$2),$N$2001:$Q$3800,4,0))+LS6 -> 12 | MA6: =IF($KN6=0,-10000000000,1000000000000+LX6*100000000+(LY6-LZ6)*10000+$KL6+LY6) -> 1.0006e+12 | MD6: =RANK(MA6,MA$4:MA$11) -> 6 | ME6: =IF(ISERROR(VLOOKUP(CONCATENATE($KN6,ME$2),$N$2001:$Q$3800,2,0)),0,VLOOKUP(CONCATENATE($KN6,ME$2),$N$2001:$Q$3800,2,0))+LX6 -> 9 | MF6: =IF(ISERROR(VLOOKUP(CONCATENATE($KN6,ME$2),$N$2001:$Q$3800,3,0)),0,VLOOKUP(CONCATENATE($KN6,ME$2),$N$2001:$Q$3800,3,0))+LY6 -> 11 | MG6: =IF(ISERROR(VLOOKUP(CONCATENATE($KN6,ME$2),$N$2001:$Q$3800,4,0)),0,VLOOKUP(CONCATENATE($KN6,ME$2),$N$2001:$Q$3800,4,0))+LZ6 -> 13 | MH6: =IF($KN6=0,-10000000000,1000000000000+ME6*100000000+(MF6-MG6)*10000+$KL6+MF6) -> 1.0009e+12 | MK6: =RANK(MH6,MH$4:MH$11) -> 3 | ML6: =IF(ISERROR(VLOOKUP(CONCATENATE($KN6,ML$2),$N$2001:$Q$3800,2,0)),0,VLOOKUP(CONCATENATE($KN6,ML$2),$N$2001:$Q$3800,2,0))+ME6 -> 10 | MM6: =IF(ISERROR(VLOOKUP(CONCATENATE($KN6,ML$2),$N$2001:$Q$3800,3,0)),0,VLOOKUP(CONCATENATE($KN6,ML$2),$N$2001:$Q$3800,3,0))+MF6 -> 11 | MN6: =IF(ISERROR(VLOOKUP(CONCATENATE($KN6,ML$2),$N$2001:$Q$3800,4,0)),0,VLOOKUP(CONCATENATE($KN6,ML$2),$N$2001:$Q$3800,4,0))+MG6 -> 13 | MO6: =IF($KN6=0,-10000000000,1000000000000+ML6*100000000+(MM6-MN6)*10000+$KL6+MM6) -> 1.001e+12 | MR6: =RANK(MO6,MO$4:MO$11) -> 3 | MS6: =IF(ISERROR(VLOOKUP(CONCATENATE($KN6,MS$2),$N$2001:$Q$3800,2,0)),0,VLOOKUP(CONCATENATE($KN6,MS$2),$N$2001:$Q$3800,2,0))+ML6 -> 13 | MT6: =IF(ISERROR(VLOOKUP(CONCATENATE($KN6,MS$2),$N$2001:$Q$3800,3,0)),0,VLOOKUP(CONCATENATE($KN6,MS$2),$N$2001:$Q$3800,3,0))+MM6 -> 12 | MU6: =IF(ISERROR(VLOOKUP(CONCATENATE($KN6,MS$2),$N$2001:$Q$3800,4,0)),0,VLOOKUP(CONCATENATE($KN6,MS$2),$N$2001:$Q$3800,4,0))+MN6 -> 13 | MV6: =IF($KN6=0,-10000000000,1000000000000+MS6*100000000+(MT6-MU6)*10000+$KL6+MT6) -> 1.0013e+12 | MY6: =RANK(MV6,MV$4:MV$11) -> 3 | MZ6: =IF(ISERROR(VLOOKUP(CONCATENATE($KN6,MZ$2),$N$2001:$Q$3800,2,0)),0,VLOOKUP(CONCATENATE($KN6,MZ$2),$N$2001:$Q$3800,2,0))+MS6 -> 16 | NA6: =IF(ISERROR(VLOOKUP(CONCATENATE($KN6,MZ$2),$N$2001:$Q$3800,3,0)),0,VLOOKUP(CONCATENATE($KN6,MZ$2),$N$2001:$Q$3800,3,0))+MT6 -> 15 | NB6: =IF(ISERROR(VLOOKUP(CONCATENATE($KN6,MZ$2),$N$2001:$Q$3800,4,0)),0,VLOOKUP(CONCATENATE($KN6,MZ$2),$N$2001:$Q$3800,4,0))+MU6 -> 14 | NC6: =IF($KN6=0,-10000000000,1000000000000+MZ6*100000000+(NA6-NB6)*10000+$KL6+NA6) -> 1.0016e+12 | NF6: =RANK(NC6,NC$4:NC$11) -> 2 | NG6: =IF(ISERROR(VLOOKUP(CONCATENATE($KN6,NG$2),$N$2001:$Q$3800,2,0)),0,VLOOKUP(CONCATENATE($KN6,NG$2),$N$2001:$Q$3800,2,0))+MZ6 -> 17 | NH6: =IF(ISERROR(VLOOKUP(CONCATENATE($KN6,NG$2),$N$2001:$Q$3800,3,0)),0,VLOOKUP(CONCATENATE($KN6,NG$2),$N$2001:$Q$3800,3,0))+NA6 -> 15 | NI6: =IF(ISERROR(VLOOKUP(CONCATENATE($KN6,NG$2),$N$2001:$Q$3800,4,0)),0,VLOOKUP(CONCATENATE($KN6,NG$2),$N$2001:$Q$3800,4,0))+NB6 -> 14 | NJ6: =IF($KN6=0,-10000000000,1000000000000+NG6*100000000+(NH6-NI6)*10000+$KL6+NH6) -> 1.0017e+12 | NM6: =RANK(NJ6,NJ$4:NJ$11) -> 3 | NN6: =IF(ISERROR(VLOOKUP(CONCATENATE($KN6,NN$2),$N$2001:$Q$3800,2,0)),0,VLOOKUP(CONCATENATE($KN6,NN$2),$N$2001:$Q$3800,2,0))+NG6 -> 18 | NO6: =IF(ISERROR(VLOOKUP(CONCATENATE($KN6,NN$2),$N$2001:$Q$3800,3,0)),0,VLOOKUP(CONCATENATE($KN6,NN$2),$N$2001:$Q$3800,3,0))+NH6 -> 15 | NP6: =IF(ISERROR(VLOOKUP(CONCATENATE($KN6,NN$2),$N$2001:$Q$3800,4,0)),0,VLOOKUP(CONCATENATE($KN6,NN$2),$N$2001:$Q$3800,4,0))+NI6 -> 14 | NQ6: =IF($KN6=0,-10000000000,1000000000000+NN6*100000000+(NO6-NP6)*10000+$KL6+NO6) -> 1.0018e+12 | NT6: =RANK(NQ6,NQ$4:NQ$11) -> 3 | NU6: =IF(ISERROR(VLOOKUP(CONCATENATE($KN6,NU$2),$N$2001:$Q$3800,2,0)),0,VLOOKUP(CONCATENATE($KN6,NU$2),$N$2001:$Q$3800,2,0))+NN6 -> 19 | NV6: =IF(ISERROR(VLOOKUP(CONCATENATE($KN6,NU$2),$N$2001:$Q$3800,3,0)),0,VLOOKUP(CONCATENATE($KN6,NU$2),$N$2001:$Q$3800,3,0))+NO6 -> 16 | NW6: =IF(ISERROR(VLOOKUP(CONCATENATE($KN6,NU$2),$N$2001:$Q$3800,4,0)),0,VLOOKUP(CONCATENATE($KN6,NU$2),$N$2001:$Q$3800,4,0))+NP6 -> 15 | NX6: =IF($KN6=0,-10000000000,1000000000000+NU6*100000000+(NV6-NW6)*10000+$KL6+NV6) -> 1.0019e+12 | OA6: =RANK(NX6,NX$4:NX$11) -> 3 | OB6: =IF(ISERROR(VLOOKUP(CONCATENATE($KN6,OB$2),$N$2001:$Q$3800,2,0)),0,VLOOKUP(CONCATENATE($KN6,OB$2),$N$2001:$Q$3800,2,0))+NU6 -> 22 | OC6: =IF(ISERROR(VLOOKUP(CONCATENATE($KN6,OB$2),$N$2001:$Q$3800,3,0)),0,VLOOKUP(CONCATENATE($KN6,OB$2),$N$2001:$Q$3800,3,0))+NV6 -> 17 | OD6: =IF(ISERROR(VLOOKUP(CONCATENATE($KN6,OB$2),$N$2001:$Q$3800,4,0)),0,VLOOKUP(CONCATENATE($KN6,OB$2),$N$2001:$Q$3800,4,0))+NW6 -> 15 | OE6: =IF($KN6=0,-10000000000,1000000000000+OB6*100000000+(OC6-OD6)*10000+$KL6+OC6) -> 1.0022e+12 | OH6: =RANK(OE6,OE$4:OE$11) -> 3 | OI6: =IF(ISERROR(VLOOKUP(CONCATENATE($KN6,OI$2),$N$2001:$Q$3800,2,0)),0,VLOOKUP(CONCATENATE($KN6,OI$2),$N$2001:$Q$3800,2,0))+OB6 -> 22 | OJ6: =IF(ISERROR(VLOOKUP(CONCATENATE($KN6,OI$2),$N$2001:$Q$3800,3,0)),0,VLOOKUP(CONCATENATE($KN6,OI$2),$N$2001:$Q$3800,3,0))+OC6 -> 18 | OK6: =IF(ISERROR(VLOOKUP(CONCATENATE($KN6,OI$2),$N$2001:$Q$3800,4,0)),0,VLOOKUP(CONCATENATE($KN6,OI$2),$N$2001:$Q$3800,4,0))+OD6 -> 17 | OL6: =IF($KN6=0,-10000000000,1000000000000+OI6*100000000+(OJ6-OK6)*10000+$KL6+OJ6) -> 1.0022e+12 | OO6: =RANK(OL6,OL$4:OL$11) -> 3 | OP6: =IF(ISERROR(VLOOKUP(CONCATENATE($KN6,OP$2),$N$2001:$Q$3800,2,0)),0,VLOOKUP(CONCATENATE($KN6,OP$2),$N$2001:$Q$3800,2,0))+OI6 -> 23 | OQ6: =IF(ISERROR(VLOOKUP(CONCATENATE($KN6,OP$2),$N$2001:$Q$3800,3,0)),0,VLOOKUP(CONCATENATE($KN6,OP$2),$N$2001:$Q$3800,3,0))+OJ6 -> 19 | OR6: =IF(ISERROR(VLOOKUP(CONCATENATE($KN6,OP$2),$N$2001:$Q$3800,4,0)),0,VLOOKUP(CONCATENATE($KN6,OP$2),$N$2001:$Q$3800,4,0))+OK6 -> 18 | OS6: =IF($KN6=0,-10000000000,1000000000000+OP6*100000000+(OQ6-OR6)*10000+$KL6+OQ6) -> 1.0023e+12 | OV6: =RANK(OS6,OS$4:OS$11) -> 3 | OW6: =IF(ISERROR(VLOOKUP(CONCATENATE($KN6,OW$2),$N$2001:$Q$3800,2,0)),0,VLOOKUP(CONCATENATE($KN6,OW$2),$N$2001:$Q$3800,2,0))+OP6 -> 23 | OX6: =IF(ISERROR(VLOOKUP(CONCATENATE($KN6,OW$2),$N$2001:$Q$3800,3,0)),0,VLOOKUP(CONCATENATE($KN6,OW$2),$N$2001:$Q$3800,3,0))+OQ6 -> 19 | OY6: =IF(ISERROR(VLOOKUP(CONCATENATE($KN6,OW$2),$N$2001:$Q$3800,4,0)),0,VLOOKUP(CONCATENATE($KN6,OW$2),$N$2001:$Q$3800,4,0))+OR6 -> 19 | OZ6: =IF($KN6=0,-10000000000,1000000000000+OW6*100000000+(OX6-OY6)*10000+$KL6+OX6) -> 1.0023e+12 | PC6: =RANK(OZ6,OZ$4:OZ$11) -> 3 | PD6: =IF(ISERROR(VLOOKUP(CONCATENATE($KN6,PD$2),$N$2001:$Q$3800,2,0)),0,VLOOKUP(CONCATENATE($KN6,PD$2),$N$2001:$Q$3800,2,0))+OW6 -> 26 | PE6: =IF(ISERROR(VLOOKUP(CONCATENATE($KN6,PD$2),$N$2001:$Q$3800,3,0)),0,VLOOKUP(CONCATENATE($KN6,PD$2),$N$2001:$Q$3800,3,0))+OX6 -> 21 | PF6: =IF(ISERROR(VLOOKUP(CONCATENATE($KN6,PD$2),$N$2001:$Q$3800,4,0)),0,VLOOKUP(CONCATENATE($KN6,PD$2),$N$2001:$Q$3800,4,0))+OY6 -> 20 | PG6: =IF($KN6=0,-10000000000,1000000000000+PD6*100000000+(PE6-PF6)*10000+$KL6+PE6) -> 1.0026e+12 | PJ6: =RANK(PG6,PG$4:PG$11) -> 3 | PK6: =IF(ISERROR(VLOOKUP(CONCATENATE($KN6,PK$2),$N$2001:$Q$3800,2,0)),0,VLOOKUP(CONCATENATE($KN6,PK$2),$N$2001:$Q$3800,2,0))+PD6 -> 26 | PL6: =IF(ISERROR(VLOOKUP(CONCATENATE($KN6,PK$2),$N$2001:$Q$3800,3,0)),0,VLOOKUP(CONCATENATE($KN6,PK$2),$N$2001:$Q$3800,3,0))+PE6 -> 21 | PM6: =IF(ISERROR(VLOOKUP(CONCATENATE($KN6,PK$2),$N$2001:$Q$3800,4,0)),0,VLOOKUP(CONCATENATE($KN6,PK$2),$N$2001:$Q$3800,4,0))+PF6 -> 21 | PN6: =IF($KN6=0,-10000000000,1000000000000+PK6*100000000+(PL6-PM6)*10000+$KL6+PL6) -> 1.0026e+12 | PQ6: =RANK(PN6,PN$4:PN$11) -> 3 | PR6: =IF(ISERROR(VLOOKUP(CONCATENATE($KN6,PR$2),$N$2001:$Q$3800,2,0)),0,VLOOKUP(CONCATENATE($KN6,PR$2),$N$2001:$Q$3800,2,0))+PK6 -> 26 | PS6: =IF(ISERROR(VLOOKUP(CONCATENATE($KN6,PR$2),$N$2001:$Q$3800,3,0)),0,VLOOKUP(CONCATENATE($KN6,PR$2),$N$2001:$Q$3800,3,0))+PL6 -> 21 | PT6: =IF(ISERROR(VLOOKUP(CONCATENATE($KN6,PR$2),$N$2001:$Q$3800,4,0)),0,VLOOKUP(CONCATENATE($KN6,PR$2),$N$2001:$Q$3800,4,0))+PM6 -> 21 | PU6: =IF($KN6=0,-10000000000,1000000000000+PR6*100000000+(PS6-PT6)*10000+$KL6+PS6) -> 1.0026e+12 | PX6: =RANK(PU6,PU$4:PU$11) -> 3 | PY6: =IF(ISERROR(VLOOKUP(CONCATENATE($KN6,PY$2),$N$2001:$Q$3800,2,0)),0,VLOOKUP(CONCATENATE($KN6,PY$2),$N$2001:$Q$3800,2,0))+PR6 -> 26 | PZ6: =IF(ISERROR(VLOOKUP(CONCATENATE($KN6,PY$2),$N$2001:$Q$3800,3,0)),0,VLOOKUP(CONCATENATE($KN6,PY$2),$N$2001:$Q$3800,3,0))+PS6 -> 21 | QA6: =IF(ISERROR(VLOOKUP(CONCATENATE($KN6,PY$2),$N$2001:$Q$3800,4,0)),0,VLOOKUP(CONCATENATE($KN6,PY$2),$N$2001:$Q$3800,4,0))+PT6 -> 21 | QB6: =IF($KN6=0,-10000000000,1000000000000+PY6*100000000+(PZ6-QA6)*10000+$KL6+PZ6) -> 1.0026e+12 | QE6: =RANK(QB6,QB$4:QB$11) -> 3 | QF6: =IF(ISERROR(VLOOKUP(CONCATENATE($KN6,QF$2),$N$2001:$Q$3800,2,0)),0,VLOOKUP(CONCATENATE($KN6,QF$2),$N$2001:$Q$3800,2,0))+PY6 -> 26 | QG6: =IF(ISERROR(VLOOKUP(CONCATENATE($KN6,QF$2),$N$2001:$Q$3800,3,0)),0,VLOOKUP(CONCATENATE($KN6,QF$2),$N$2001:$Q$3800,3,0))+PZ6 -> 21 | QH6: =IF(ISERROR(VLOOKUP(CONCATENATE($KN6,QF$2),$N$2001:$Q$3800,4,0)),0,VLOOKUP(CONCATENATE($KN6,QF$2),$N$2001:$Q$3800,4,0))+QA6 -> 21 | QI6: =IF($KN6=0,-10000000000,1000000000000+QF6*100000000+(QG6-QH6)*10000+$KL6+QG6) -> 1.0026e+12 | QL6: =RANK(QI6,QI$4:QI$11) -> 3 | QM6: =IF(ISERROR(VLOOKUP(CONCATENATE($KN6,QM$2),$N$2001:$Q$3800,2,0)),0,VLOOKUP(CONCATENATE($KN6,QM$2),$N$2001:$Q$3800,2,0))+QF6 -> 26 | QN6: =IF(ISERROR(VLOOKUP(CONCATENATE($KN6,QM$2),$N$2001:$Q$3800,3,0)),0,VLOOKUP(CONCATENATE($KN6,QM$2),$N$2001:$Q$3800,3,0))+QG6 -> 21 | QO6: =IF(ISERROR(VLOOKUP(CONCATENATE($KN6,QM$2),$N$2001:$Q$3800,4,0)),0,VLOOKUP(CONCATENATE($KN6,QM$2),$N$2001:$Q$3800,4,0))+QH6 -> 21 | QP6: =IF($KN6=0,-10000000000,1000000000000+QM6*100000000+(QN6-QO6)*10000+$KL6+QN6) -> 1.0026e+12 | QS6: =RANK(QP6,QP$4:QP$11) -> 3 | QT6: =IF(ISERROR(VLOOKUP(CONCATENATE($KN6,QT$2),$N$2001:$Q$3800,2,0)),0,VLOOKUP(CONCATENATE($KN6,QT$2),$N$2001:$Q$3800,2,0))+QM6 -> 26 | QU6: =IF(ISERROR(VLOOKUP(CONCATENATE($KN6,QT$2),$N$2001:$Q$3800,3,0)),0,VLOOKUP(CONCATENATE($KN6,QT$2),$N$2001:$Q$3800,3,0))+QN6 -> 21 | QV6: =IF(ISERROR(VLOOKUP(CONCATENATE($KN6,QT$2),$N$2001:$Q$3800,4,0)),0,VLOOKUP(CONCATENATE($KN6,QT$2),$N$2001:$Q$3800,4,0))+QO6 -> 21 | QW6: =IF($KN6=0,-10000000000,1000000000000+QT6*100000000+(QU6-QV6)*10000+$KL6+QU6) -> 1.0026e+12 | QZ6: =RANK(QW6,QW$4:QW$11) -> 3 | RA6: =IF(ISERROR(VLOOKUP(CONCATENATE($KN6,RA$2),$N$2001:$Q$3800,2,0)),0,VLOOKUP(CONCATENATE($KN6,RA$2),$N$2001:$Q$3800,2,0))+QT6 -> 26 | RB6: =IF(ISERROR(VLOOKUP(CONCATENATE($KN6,RA$2),$N$2001:$Q$3800,3,0)),0,VLOOKUP(CONCATENATE($KN6,RA$2),$N$2001:$Q$3800,3,0))+QU6 -> 21 | RC6: =IF(ISERROR(VLOOKUP(CONCATENATE($KN6,RA$2),$N$2001:$Q$3800,4,0)),0,VLOOKUP(CONCATENATE($KN6,RA$2),$N$2001:$Q$3800,4,0))+QV6 -> 21 | RD6: =IF($KN6=0,-10000000000,1000000000000+RA6*100000000+(RB6-RC6)*10000+$KL6+RB6) -> 1.0026e+12 | RG6: =RANK(RD6,RD$4:RD$11) -> 3 | RH6: =IF(ISERROR(VLOOKUP(CONCATENATE($KN6,RH$2),$N$2001:$Q$3800,2,0)),0,VLOOKUP(CONCATENATE($KN6,RH$2),$N$2001:$Q$3800,2,0))+RA6 -> 26 | RI6: =IF(ISERROR(VLOOKUP(CONCATENATE($KN6,RH$2),$N$2001:$Q$3800,3,0)),0,VLOOKUP(CONCATENATE($KN6,RH$2),$N$2001:$Q$3800,3,0))+RB6 -> 21 | RJ6: =IF(ISERROR(VLOOKUP(CONCATENATE($KN6,RH$2),$N$2001:$Q$3800,4,0)),0,VLOOKUP(CONCATENATE($KN6,RH$2),$N$2001:$Q$3800,4,0))+RC6 -> 21 | RK6: =IF($KN6=0,-10000000000,1000000000000+RH6*100000000+(RI6-RJ6)*10000+$KL6+RI6) -> 1.0026e+12 | RN6: =RANK(RK6,RK$4:RK$11) -> 3 | RO6: =IF(ISERROR(VLOOKUP(CONCATENATE($KN6,RO$2),$N$2001:$Q$3800,2,0)),0,VLOOKUP(CONCATENATE($KN6,RO$2),$N$2001:$Q$3800,2,0))+RH6 -> 26 | RP6: =IF(ISERROR(VLOOKUP(CONCATENATE($KN6,RO$2),$N$2001:$Q$3800,3,0)),0,VLOOKUP(CONCATENATE($KN6,RO$2),$N$2001:$Q$3800,3,0))+RI6 -> 21 | RQ6: =IF(ISERROR(VLOOKUP(CONCATENATE($KN6,RO$2),$N$2001:$Q$3800,4,0)),0,VLOOKUP(CONCATENATE($KN6,RO$2),$N$2001:$Q$3800,4,0))+RJ6 -> 21 | RR6: =IF($KN6=0,-10000000000,1000000000000+RO6*100000000+(RP6-RQ6)*10000+$KL6+RP6) -> 1.0026e+12 | RU6: =RANK(RR6,RR$4:RR$11) -> 3 | RV6: =IF(ISERROR(VLOOKUP(CONCATENATE($KN6,RV$2),$N$2001:$Q$3800,2,0)),0,VLOOKUP(CONCATENATE($KN6,RV$2),$N$2001:$Q$3800,2,0))+RO6 -> 26 | RW6: =IF(ISERROR(VLOOKUP(CONCATENATE($KN6,RV$2),$N$2001:$Q$3800,3,0)),0,VLOOKUP(CONCATENATE($KN6,RV$2),$N$2001:$Q$3800,3,0))+RP6 -> 21 | RX6: =IF(ISERROR(VLOOKUP(CONCATENATE($KN6,RV$2),$N$2001:$Q$3800,4,0)),0,VLOOKUP(CONCATENATE($KN6,RV$2),$N$2001:$Q$3800,4,0))+RQ6 -> 21 | RY6: =IF($KN6=0,-10000000000,1000000000000+RV6*100000000+(RW6-RX6)*10000+$KL6+RW6) -> 1.0026e+12 | SB6: =RANK(RY6,RY$4:RY$11) -> 3 | SC6: =IF(ISERROR(VLOOKUP(CONCATENATE($KN6,SC$2),$N$2001:$Q$3800,2,0)),0,VLOOKUP(CONCATENATE($KN6,SC$2),$N$2001:$Q$3800,2,0))+RV6 -> 26 | SD6: =IF(ISERROR(VLOOKUP(CONCATENATE($KN6,SC$2),$N$2001:$Q$3800,3,0)),0,VLOOKUP(CONCATENATE($KN6,SC$2),$N$2001:$Q$3800,3,0))+RW6 -> 21 | SE6: =IF(ISERROR(VLOOKUP(CONCATENATE($KN6,SC$2),$N$2001:$Q$3800,4,0)),0,VLOOKUP(CONCATENATE($KN6,SC$2),$N$2001:$Q$3800,4,0))+RX6 -> 21 | SF6: =IF($KN6=0,-10000000000,1000000000000+SC6*100000000+(SD6-SE6)*10000+$KL6+SD6) -> 1.0026e+12 | SI6: =RANK(SF6,SF$4:SF$11) -> 3 | SJ6: =IF(ISERROR(VLOOKUP(CONCATENATE($KN6,SJ$2),$N$2001:$Q$3800,2,0)),0,VLOOKUP(CONCATENATE($KN6,SJ$2),$N$2001:$Q$3800,2,0))+SC6 -> 26 | SK6: =IF(ISERROR(VLOOKUP(CONCATENATE($KN6,SJ$2),$N$2001:$Q$3800,3,0)),0,VLOOKUP(CONCATENATE($KN6,SJ$2),$N$2001:$Q$3800,3,0))+SD6 -> 21 | SL6: =IF(ISERROR(VLOOKUP(CONCATENATE($KN6,SJ$2),$N$2001:$Q$3800,4,0)),0,VLOOKUP(CONCATENATE($KN6,SJ$2),$N$2001:$Q$3800,4,0))+SE6 -> 21 | SM6: =IF($KN6=0,-10000000000,1000000000000+SJ6*100000000+(SK6-SL6)*10000+$KL6+SK6) -> 1.0026e+12 | SP6: =RANK(SM6,SM$4:SM$11) -> 3 | SQ6: =IF(ISERROR(VLOOKUP(CONCATENATE($KN6,SQ$2),$N$2001:$Q$3800,2,0)),0,VLOOKUP(CONCATENATE($KN6,SQ$2),$N$2001:$Q$3800,2,0))+SJ6 -> 26 | SR6: =IF(ISERROR(VLOOKUP(CONCATENATE($KN6,SQ$2),$N$2001:$Q$3800,3,0)),0,VLOOKUP(CONCATENATE($KN6,SQ$2),$N$2001:$Q$3800,3,0))+SK6 -> 21 | SS6: =IF(ISERROR(VLOOKUP(CONCATENATE($KN6,SQ$2),$N$2001:$Q$3800,4,0)),0,VLOOKUP(CONCATENATE($KN6,SQ$2),$N$2001:$Q$3800,4,0))+SL6 -> 21 | ST6: =IF($KN6=0,-10000000000,1000000000000+SQ6*100000000+(SR6-SS6)*10000+$KL6+SR6) -> 1.0026e+12 | SW6: =RANK(ST6,ST$4:ST$11) -> 3 | SX6: =IF(ISERROR(VLOOKUP(CONCATENATE($KN6,SX$2),$N$2001:$Q$3800,2,0)),0,VLOOKUP(CONCATENATE($KN6,SX$2),$N$2001:$Q$3800,2,0))+SQ6 -> 26 | SY6: =IF(ISERROR(VLOOKUP(CONCATENATE($KN6,SX$2),$N$2001:$Q$3800,3,0)),0,VLOOKUP(CONCATENATE($KN6,SX$2),$N$2001:$Q$3800,3,0))+SR6 -> 21 | SZ6: =IF(ISERROR(VLOOKUP(CONCATENATE($KN6,SX$2),$N$2001:$Q$3800,4,0)),0,VLOOKUP(CONCATENATE($KN6,SX$2),$N$2001:$Q$3800,4,0))+SS6 -> 21 | TA6: =IF($KN6=0,-10000000000,1000000000000+SX6*100000000+(SY6-SZ6)*10000+$KL6+SY6) -> 1.0026e+12 | TD6: =RANK(TA6,TA$4:TA$11) -> 3 | TE6: =IF(ISERROR(VLOOKUP(CONCATENATE($KN6,TE$2),$N$2001:$Q$3800,2,0)),0,VLOOKUP(CONCATENATE($KN6,TE$2),$N$2001:$Q$3800,2,0))+SX6 -> 26 | TF6: =IF(ISERROR(VLOOKUP(CONCATENATE($KN6,TE$2),$N$2001:$Q$3800,3,0)),0,VLOOKUP(CONCATENATE($KN6,TE$2),$N$2001:$Q$3800,3,0))+SY6 -> 21 | TG6: =IF(ISERROR(VLOOKUP(CONCATENATE($KN6,TE$2),$N$2001:$Q$3800,4,0)),0,VLOOKUP(CONCATENATE($KN6,TE$2),$N$2001:$Q$3800,4,0))+SZ6 -> 21 | TH6: =IF($KN6=0,-10000000000,1000000000000+TE6*100000000+(TF6-TG6)*10000+$KL6+TF6) -> 1.0026e+12 | TK6: =RANK(TH6,TH$4:TH$11) -> 3 | TL6: =IF(ISERROR(VLOOKUP(CONCATENATE($KN6,TL$2),$N$2001:$Q$3800,2,0)),0,VLOOKUP(CONCATENATE($KN6,TL$2),$N$2001:$Q$3800,2,0))+TE6 -> 26 | TM6: =IF(ISERROR(VLOOKUP(CONCATENATE($KN6,TL$2),$N$2001:$Q$3800,3,0)),0,VLOOKUP(CONCATENATE($KN6,TL$2),$N$2001:$Q$3800,3,0))+TF6 -> 21 | TN6: =IF(ISERROR(VLOOKUP(CONCATENATE($KN6,TL$2),$N$2001:$Q$3800,4,0)),0,VLOOKUP(CONCATENATE($KN6,TL$2),$N$2001:$Q$3800,4,0))+TG6 -> 21 | TO6: =IF($KN6=0,-10000000000,1000000000000+TL6*100000000+(TM6-TN6)*10000+$KL6+TM6) -> 1.0026e+12 | TR6: =RANK(TO6,TO$4:TO$11) -> 3 | TS6: =IF(ISERROR(VLOOKUP(CONCATENATE($KN6,TS$2),$N$2001:$Q$3800,2,0)),0,VLOOKUP(CONCATENATE($KN6,TS$2),$N$2001:$Q$3800,2,0))+TL6 -> 26 | TT6: =IF(ISERROR(VLOOKUP(CONCATENATE($KN6,TS$2),$N$2001:$Q$3800,3,0)),0,VLOOKUP(CONCATENATE($KN6,TS$2),$N$2001:$Q$3800,3,0))+TM6 -> 21 | TU6: =IF(ISERROR(VLOOKUP(CONCATENATE($KN6,TS$2),$N$2001:$Q$3800,4,0)),0,VLOOKUP(CONCATENATE($KN6,TS$2),$N$2001:$Q$3800,4,0))+TN6 -> 21 | TV6: =IF($KN6=0,-10000000000,1000000000000+TS6*100000000+(TT6-TU6)*10000+$KL6+TT6) -> 1.0026e+12 | TY6: =RANK(TV6,TV$4:TV$11) -> 3 | TZ6: =IF(ISERROR(VLOOKUP(CONCATENATE($KN6,TZ$2),$N$2001:$Q$3800,2,0)),0,VLOOKUP(CONCATENATE($KN6,TZ$2),$N$2001:$Q$3800,2,0))+TS6 -> 26 | UA6: =IF(ISERROR(VLOOKUP(CONCATENATE($KN6,TZ$2),$N$2001:$Q$3800,3,0)),0,VLOOKUP(CONCATENATE($KN6,TZ$2),$N$2001:$Q$3800,3,0))+TT6 -> 21 | UB6: =IF(ISERROR(VLOOKUP(CONCATENATE($KN6,TZ$2),$N$2001:$Q$3800,4,0)),0,VLOOKUP(CONCATENATE($KN6,TZ$2),$N$2001:$Q$3800,4,0))+TU6 -> 21 | UC6: =IF($KN6=0,-10000000000,1000000000000+TZ6*100000000+(UA6-UB6)*10000+$KL6+UA6) -> 1.0026e+12 | UF6: =RANK(UC6,UC$4:UC$11) -> 3 | UG6: =IF(ISERROR(VLOOKUP(CONCATENATE($KN6,UG$2),$N$2001:$Q$3800,2,0)),0,VLOOKUP(CONCATENATE($KN6,UG$2),$N$2001:$Q$3800,2,0))+TZ6 -> 26 | UH6: =IF(ISERROR(VLOOKUP(CONCATENATE($KN6,UG$2),$N$2001:$Q$3800,3,0)),0,VLOOKUP(CONCATENATE($KN6,UG$2),$N$2001:$Q$3800,3,0))+UA6 -> 21 | UI6: =IF(ISERROR(VLOOKUP(CONCATENATE($KN6,UG$2),$N$2001:$Q$3800,4,0)),0,VLOOKUP(CONCATENATE($KN6,UG$2),$N$2001:$Q$3800,4,0))+UB6 -> 21 | UJ6: =IF($KN6=0,-10000000000,1000000000000+UG6*100000000+(UH6-UI6)*10000+$KL6+UH6) -> 1.0026e+12 | UM6: =RANK(UJ6,UJ$4:UJ$11) -> 3 | UN6: =IF(ISERROR(VLOOKUP(CONCATENATE($KN6,UN$2),$N$2001:$Q$3800,2,0)),0,VLOOKUP(CONCATENATE($KN6,UN$2),$N$2001:$Q$3800,2,0))+UG6 -> 26 | UO6: =IF(ISERROR(VLOOKUP(CONCATENATE($KN6,UN$2),$N$2001:$Q$3800,3,0)),0,VLOOKUP(CONCATENATE($KN6,UN$2),$N$2001:$Q$3800,3,0))+UH6 -> 21 | UP6: =IF(ISERROR(VLOOKUP(CONCATENATE($KN6,UN$2),$N$2001:$Q$3800,4,0)),0,VLOOKUP(CONCATENATE($KN6,UN$2),$N$2001:$Q$3800,4,0))+UI6 -> 21 | UQ6: =IF($KN6=0,-10000000000,1000000000000+UN6*100000000+(UO6-UP6)*10000+$KL6+UO6) -> 1.0026e+12 | UT6: =RANK(UQ6,UQ$4:UQ$11) -> 3 | UV6: =KN6 -> Toronto FC | UW6: =KU6 -> 6 | UX6: =OFFSET($KU6,0,UX$3) -> 7 | UY6: =OFFSET($KU6,0,UY$3) -> 6 | UZ6: =OFFSET($KU6,0,UZ$3) -> 7 | VA6: =OFFSET($KU6,0,VA$3) -> 6 | VB6: =OFFSET($KU6,0,VB$3) -> 6 | VC6: =OFFSET($KU6,0,VC$3) -> 3 | VD6: =OFFSET($KU6,0,VD$3) -> 3 | VE6: =OFFSET($KU6,0,VE$3) -> 3 | ... WH6: =OFFSET($KU6,0,WH$3) -> 3 | WK6: =UV6 -> Toronto FC | WL6: 3 | WM6: 3 | WN6: =IF($WI$2>=WN$3,UW6,NA()) -> 6 | WO6: =IF($WI$2>=WO$3,UX6,NA()) -> 7 | WP6: =IF($WI$2>=WP$3,UY6,NA()) -> 6 | WQ6: =IF($WI$2>=WQ$3,UZ6,NA()) -> 7 | WR6: =IF($WI$2>=WR$3,VA6,NA()) -> 6 | WS6: =IF($WI$2>=WS$3,VB6,NA()) -> 6 | WT6: =IF($WI$2>=WT$3,VC6,NA()) -> 3 | WU6: =IF($WI$2>=WU$3,VD6,NA()) -> 3 | ... XY6: =IF($WI$2>=XY$3,WH6,NA()) -> #N/A | YB6: =HistoriChart!H1 -> Columbus | YC6: =IF(ISERROR(VLOOKUP(YB6,$E$4:$E$11,1,0)),"",YB6) -> Columbus | YE6: =VLOOKUP($YC6,$WK$4:WL$33,YE$3+3,0) -> 1 | YF6: =VLOOKUP($YC6,$WK$4:WM$33,YF$3+3,0) -> 1 | YG6: =VLOOKUP($YC6,$WK$4:WN$33,YG$3+3,0) -> 2 | YH6: =VLOOKUP($YC6,$WK$4:WO$33,YH$3+3,0) -> 3 | YI6: =VLOOKUP($YC6,$WK$4:WP$33,YI$3+3,0) -> 1 | YJ6: =VLOOKUP($YC6,$WK$4:WQ$33,YJ$3+3,0) -> 2 | YK6: =VLOOKUP($YC6,$WK$4:WR$33,YK$3+3,0) -> 2 | YL6: =VLOOKUP($YC6,$WK$4:WS$33,YL$3+3,0) -> 2 | ... ZR6: =VLOOKUP($YC6,$WK$4:XY$33,ZR$3+3,0) -> #N/A
D7: 4 | E7: New England | F7: =SUMIF('ef-FT'!$C$2001:$C$3800,E7,'ef-FT'!$E$2001:$E$3800) -> 18 | G7: =SUMIF('ef-FT'!$C$2001:$C$3800,E7,'ef-FT'!$F$2001:$F$3800) -> 6 | H7: =SUMIF('ef-FT'!$C$2001:$C$3800,E7,'ef-FT'!$G$2001:$G$3800) -> 3 | I7: =SUMIF('ef-FT'!$C$2001:$C$3800,E7,'ef-FT'!$H$2001:$H$3800) -> 9 | J7: =SUMIF('ef-FT'!$C$2001:$C$3800,E7,'ef-FT'!$D$2001:$D$3800) -> 21 | K7: =SUMIF('ef-FT'!$C$2001:$C$3800,E7,'ef-FT'!$I$2001:$I$3800) -> 18 | L7: =SUMIF('ef-FT'!$C$2001:$C$3800,E7,'ef-FT'!$J$2001:$J$3800) -> 27 | M7: =CONCATENATE(K7, " - ",L7) -> 18 - 27 | N7: =K7-L7 -> -9 | O7: =SUMIF('ef-FT'!$C$2001:$C$3800,$E7,'ef-FT'!$K$2001:$K$3800) -> 8 | P7: =SUMIF('ef-FT'!$C$2001:$C$3800,$E7,'ef-FT'!$L$2001:$L$3800) -> 5 | R7: =SUMIF('ef-FT'!$C$2001:$C$2999,$E7,'ef-FT'!$E$2001:$E$2999) -> 10 | S7: =SUMIF('ef-FT'!$C$2001:$C$2999,$E7,'ef-FT'!$F$2001:$F$2999) -> 5 | T7: =SUMIF('ef-FT'!$C$2001:$C$2999,$E7,'ef-FT'!$G$2001:$G$2999) -> 2 | U7: =SUMIF('ef-FT'!$C$2001:$C$2999,$E7,'ef-FT'!$H$2001:$H$2999) -> 3 | V7: =SUMIF('ef-FT'!$C$2001:$C$2999,$E7,'ef-FT'!$D$2001:$D$2999) -> 17 | W7: =SUMIF('ef-FT'!$C$2001:$C$2999,$E7,'ef-FT'!$I$2001:$I$2999) -> 13 | X7: =SUMIF('ef-FT'!$C$2001:$C$2999,$E7,'ef-FT'!$J$2001:$J$2999) -> 11 | Y7: =CONCATENATE(W7, " - ",X7) -> 13 - 11 | Z7: =W7-X7 -> 2 | AA7: =SUMIF('ef-FT'!$C$2001:$C$2999,$E7,'ef-FT'!$K$2001:$K$2999) -> 3 | AB7: =SUMIF('ef-FT'!$C$2001:$C$2999,$E7,'ef-FT'!$L$2001:$L$2999) -> 4 | AD7: =SUMIF('ef-FT'!$C$3000:$C$3800,$E7,'ef-FT'!$E$3000:$E$3800) -> 8 | AE7: =SUMIF('ef-FT'!$C$3000:$C$3800,$E7,'ef-FT'!$F$3000:$F$3800) -> 1 | AF7: =SUMIF('ef-FT'!$C$3000:$C$3800,$E7,'ef-FT'!$G$3000:$G$3800) -> 1 | AG7: =SUMIF('ef-FT'!$C$3000:$C$3800,$E7,'ef-FT'!$H$3000:$H$3800) -> 6 | AH7: =SUMIF('ef-FT'!$C$3000:$C$3800,$E7,'ef-FT'!$D$3000:$D$3800) -> 4 | AI7: =SUMIF('ef-FT'!$C$3000:$C$3800,$E7,'ef-FT'!$I$3000:$I$3800) -> 5 | AJ7: =SUMIF('ef-FT'!$C$3000:$C$3800,$E7,'ef-FT'!$J$3000:$J$3800) -> 16 | AK7: =CONCATENATE(AI7, " - ",AJ7) -> 5 - 16 | AL7: =AI7-AJ7 -> -11 | AM7: =SUMIF('ef-FT'!$C$3000:$C$3800,$E7,'ef-FT'!$K$3000:$K$3800) -> 5 | AN7: =SUMIF('ef-FT'!$C$3000:$C$3800,$E7,'ef-FT'!$L$3000:$L$3800) -> 1 | AP7: 0.27 | AQ7: =IF(E7=0,-10000000000,1000000000000+J7*100000000+N7*10000+K7+AP7) -> 1.0020999e+12 | AR7: 4 | AS7: =LARGE($AQ$4:$AQ$11,D7) -> 1.0021e+12 | AT7: =VLOOKUP(AS7,$AQ$4:$AR$33,2,0) -> 5 | AU7: =VLOOKUP(AT7,$D$4:$N$33,2,0) -> Chicago | AV7: =VLOOKUP(AT7,$D$4:$N$33,3,0) -> 16 | AW7: =VLOOKUP(AT7,$D$4:$N$33,4,0) -> 5 | AX7: =VLOOKUP(AT7,$D$4:$N$33,5,0) -> 6 | AY7: =VLOOKUP(AT7,$D$4:$N$33,6,0) -> 5 | AZ7: =VLOOKUP(AT7,$D$4:$N$33,7,0) -> 21 | BA7: =VLOOKUP(AT7,$D$4:$N$33,10,0) -> 21 - 21 | BB7: =VLOOKUP(AT7,$D$4:$N$33,11,0) -> 0 | BC7: =VLOOKUP($AT7,$D$4:R$33,15,0) -> 8 | BD7: =VLOOKUP($AT7,$D$4:S$33,16,0) -> 2 | BE7: =VLOOKUP($AT7,$D$4:T$33,17,0) -> 4 | BF7: =VLOOKUP($AT7,$D$4:U$33,18,0) -> 2 | BG7: =VLOOKUP($AT7,$D$4:V$33,19,0) -> 10 | BH7: =VLOOKUP($AT7,$D$4:Y$33,22,0) -> 9 - 8 | BI7: =VLOOKUP($AT7,$D$4:Z$33,23,0) -> 1 | BJ7: =VLOOKUP($AT7,$D$4:AD$33,27,0) -> 8 | BK7: =VLOOKUP($AT7,$D$4:AE$33,28,0) -> 3 | BL7: =VLOOKUP($AT7,$D$4:AF$33,29,0) -> 2 | BM7: =VLOOKUP($AT7,$D$4:AG$33,30,0) -> 3 | BN7: =VLOOKUP($AT7,$D$4:AH$33,31,0) -> 11 | BO7: =VLOOKUP($AT7,$D$4:AK$35,34,0) -> 12 - 13 | BP7: =VLOOKUP($AT7,$D$4:AL$35,35,0) -> -1 | BS7: - 09:00 | BT7: 0.375 | BU7: =BT7-$BU$2 -> 0.20833333 | BV7: menos | CA7: =IF($E7=0,-1+$AP7,J7+$AP7) -> 21.27 | CB7: =IF(CA7<0,100000-$AP7,J7-$AP7) -> 20.73 | CC7: =IF($E7=0,-1+$AP7,G7+$AP7) -> 6.27 | CD7: =IF(CC7<0,100000-$AP7,G7-$AP7) -> 5.73 | CE7: =IF($E7=0,-1+$AP7,I7+$AP7) -> 9.27 | CF7: =IF(CE7<0,100000-$AP7,I7-$AP7) -> 8.73 | CG7: =IF($E7=0,-1+$AP7,K7+$AP7) -> 18.27 | CH7: =IF(CG7<0,100000-$AP7,K7-$AP7) -> 17.73 | CI7: =IF($E7=0,-1+$AP7,L7+$AP7) -> 27.27 | CJ7: =IF(CI7<0,100000-$AP7,L7-$AP7) -> 26.73 | CK7: =IF($E7=0,-100000+$AP7,N7+$AP7) -> -8.73 | CL7: =IF(CK7<-50000,100000+$AP7,N7-$AP7) -> -9.27 | CM7: =IF($E7=0,-1+$AP7,O7+$AP7) -> 8.27 | CN7: =IF(CM7<0,100000-$AP7,O7-$AP7) -> 7.73 | CO7: =IF($E7=0,-1+$AP7,P7+$AP7) -> 5.27 | CP7: =IF(CO7<0,100000-$AP7,P7-$AP7) -> 4.73 | CR7: =IF($E7=0,-1+$AP7,V7+$AP7) -> 17.27 | CS7: =IF(CR7<0,100000-$AP7,V7-$AP7) -> 16.73 | CT7: =IF($E7=0,-1+$AP7,S7+$AP7) -> 5.27 | CU7: =IF(CT7<0,100000-$AP7,S7-$AP7) -> 4.73 | CV7: =IF($E7=0,-1+$AP7,U7+$AP7) -> 3.27 | CW7: =IF(CV7<0,100000-$AP7,U7-$AP7) -> 2.73 | CX7: =IF($E7=0,-1+$AP7,W7+$AP7) -> 13.27 | CY7: =IF(CX7<0,100000-$AP7,W7-$AP7) -> 12.73 | CZ7: =IF($E7=0,-1+$AP7,X7+$AP7) -> 11.27 | DA7: =IF(CZ7<0,100000-$AP7,X7-$AP7) -> 10.73 | DB7: =IF($E7=0,-100000+$AP7,Z7+$AP7) -> 2.27 | DC7: =IF(DB7<-50000,100000+$AP7,Z7-$AP7) -> 1.73 | DD7: =IF($E7=0,-1+$AP7,AA7+$AP7) -> 3.27 | DE7: =IF(DD7<0,100000-$AP7,AA7-$AP7) -> 2.73 | DF7: =IF($E7=0,-1+$AP7,AB7+$AP7) -> 4.27 | DG7: =IF(DF7<0,100000-$AP7,AB7-$AP7) -> 3.73 | DI7: =IF($E7=0,-1+$AP7,AH7+$AP7) -> 4.27 | DJ7: =IF(DI7<0,100000-$AP7,AH37-$AP7) -> -0.27 | DK7: =IF($E7=0,-1+$AP7,AE7+$AP7) -> 1.27 | DL7: =IF(DK7<0,100000-$AP7,AE7-$AP7) -> 0.73 | DM7: =IF($E7=0,-1+$AP7,AG7+$AP7) -> 6.27 | DN7: =IF(DM7<0,100000-$AP7,AG7-$AP7) -> 5.73 | DO7: =IF($E7=0,-1+$AP7,AI7+$AP7) -> 5.27 | DP7: =IF(DO7<0,100000-$AP7,AI7-$AP7) -> 4.73 | DQ7: =IF($E7=0,-1+$AP7,AJ7+$AP7) -> 16.27 | DR7: =IF(DQ7<0,100000-$AP7,AJ7-$AP7) -> 15.73 | DS7: =IF($E7=0,-100000+$AP7,AL7+$AP7) -> -10.73 | DT7: =IF(DS7<-50000,100000+$AP7,AL7-$AP7) -> -11.27 | DU7: =IF($E7=0,-1+$AP7,AM7+$AP7) -> 5.27 | DV7: =IF(DU7<0,100000-$AP7,AM7-$AP7) -> 4.73 | DW7: =IF($E7=0,-1+$AP7,AN7+$AP7) -> 1.27 | DX7: =IF(DW7<0,100000-$AP7,AN7-$AP7) -> 0.73 | DZ7: 4 | EA7: 27 | EB7: =MATCH(LARGE(CA$4:CA$33,$DZ7),CA$4:CA$33,0) -> 11 | EC7: =MATCH(LARGE(CB$4:CB$33,$EA7),CB$4:CB$33,0) -> 6 | ED7: =MATCH(LARGE(CC$4:CC$33,$DZ7),CC$4:CC$33,0) -> 2 | EE7: =MATCH(LARGE(CD$4:CD$33,$EA7),CD$4:CD$33,0) -> 6 | EF7: =MATCH(LARGE(CE$4:CE$33,$DZ7),CE$4:CE$33,0) -> 16 | EG7: =MATCH(LARGE(CF$4:CF$33,$EA7),CF$4:CF$33,0) -> 1 | EH7: =MATCH(LARGE(CG$4:CG$33,$DZ7),CG$4:CG$33,0) -> 11 | EI7: =MATCH(LARGE(CH$4:CH$33,$EA7),CH$4:CH$33,0) -> 2 | EJ7: =MATCH(LARGE(CI$4:CI$33,$DZ7),CI$4:CI$33,0) -> 4 | EK7: =MATCH(LARGE(CJ$4:CJ$33,$EA7),CJ$4:CJ$33,0) -> 13 | EL7: =MATCH(LARGE(CK$4:CK$33,$DZ7),CK$4:CK$33,0) -> 1 | EM7: =MATCH(LARGE(CL$4:CL$33,$EA7),CL$4:CL$33,0) -> 15 | EN7: =MATCH(LARGE(CM$4:CM$33,$DZ7),CM$4:CM$33,0) -> 2 | EO7: =MATCH(LARGE(CN$4:CN$33,$EA7),CN$4:CN$33,0) -> 10 | EP7: =MATCH(LARGE(CO$4:CO$33,$DZ7),CO$4:CO$33,0) -> 2 | EQ7: =MATCH(LARGE(CP$4:CP$33,$EA7),CP$4:CP$33,0) -> 16 | ES7: =MATCH(LARGE(CR$4:CR$33,$DZ7),CR$4:CR$33,0) -> 9 | ET7: =MATCH(LARGE(CS$4:CS$33,$EA7),CS$4:CS$33,0) -> 7 | EU7: =MATCH(LARGE(CT$4:CT$33,$DZ7),CT$4:CT$33,0) -> 3 | EV7: =MATCH(LARGE(CU$4:CU$33,$EA7),CU$4:CU$33,0) -> 16 | EW7: =MATCH(LARGE(CV$4:CV$33,$DZ7),CV$4:CV$33,0) -> 2 | EX7: =MATCH(LARGE(CW$4:CW$33,$EA7),CW$4:CW$33,0) -> 11 | EY7: =MATCH(LARGE(CX$4:CX$33,$DZ7),CX$4:CX$33,0) -> 15 | EZ7: =MATCH(LARGE(CY$4:CY$33,$EA7),CY$4:CY$33,0) -> 6 | FA7: =MATCH(LARGE(CZ$4:CZ$33,$DZ7),CZ$4:CZ$33,0) -> 4 | FB7: =MATCH(LARGE(DA$4:DA$33,$EA7),DA$4:DA$33,0) -> 11 | FC7: =MATCH(LARGE(DB$4:DB$33,$DZ7),DB$4:DB$33,0) -> 3 | FD7: =MATCH(LARGE(DC$4:DC$33,$EA7),DC$4:DC$33,0) -> 2 | FE7: =MATCH(LARGE(DD$4:DD$33,$DZ7),DD$4:DD$33,0) -> 4 | FF7: =MATCH(LARGE(DE$4:DE$33,$EA7),DE$4:DE$33,0) -> 11 | FG7: =MATCH(LARGE(DF$4:DF$33,$DZ7),DF$4:DF$33,0) -> 6 | FH7: =MATCH(LARGE(DG$4:DG$33,$EA7),DG$4:DG$33,0) -> 16 | FJ7: =MATCH(LARGE(DI$4:DI$33,$DZ7),DI$4:DI$33,0) -> 2 | FK7: =MATCH(LARGE(DJ$4:DJ$33,$EA7),DJ$4:DJ$33,0) -> 4 | FL7: =MATCH(LARGE(DK$4:DK$33,$DZ7),DK$4:DK$33,0) -> 5 | FM7: =MATCH(LARGE(DL$4:DL$33,$EA7),DL$4:DL$33,0) -> 7 | FN7: =MATCH(LARGE(DM$4:DM$33,$DZ7),DM$4:DM$33,0) -> 15 | FO7: =MATCH(LARGE(DN$4:DN$33,$EA7),DN$4:DN$33,0) -> 5 | FP7: =MATCH(LARGE(DO$4:DO$33,$DZ7),DO$4:DO$33,0) -> 5 | FQ7: =MATCH(LARGE(DP$4:DP$33,$EA7),DP$4:DP$33,0) -> 3 | FR7: =MATCH(LARGE(DQ$4:DQ$33,$DZ7),DQ$4:DQ$33,0) -> 3 | FS7: =MATCH(LARGE(DR$4:DR$33,$EA7),DR$4:DR$33,0) -> 14 | FT7: =MATCH(LARGE(DS$4:DS$33,$DZ7),DS$4:DS$33,0) -> 1 | FU7: =MATCH(LARGE(DT$4:DT$33,$EA7),DT$4:DT$33,0) -> 4 | FV7: =MATCH(LARGE(DU$4:DU$33,$DZ7),DU$4:DU$33,0) -> 2 | FW7: =MATCH(LARGE(DV$4:DV$33,$EA7),DV$4:DV$33,0) -> 7 | FX7: =MATCH(LARGE(DW$4:DW$33,$DZ7),DW$4:DW$33,0) -> 10 | FY7: =MATCH(LARGE(DX$4:DX$33,$EA7),DX$4:DX$33,0) -> 8 | GA7: =IF(lg!$C$18=1,EB7,IF(lg!$C$18=2,ES7,FJ7)) -> 11 | GB7: =IF(lg!$C$18=1,EC7,IF(lg!$C$18=2,ET7,FK7)) -> 6 | GC7: =IF(lg!$C$18=1,ED7,IF(lg!$C$18=2,EU7,FL7)) -> 2 | GD7: =IF(lg!$C$18=1,EE7,IF(lg!$C$18=2,EV7,FM7)) -> 6 | GE7: =IF(lg!$C$18=1,EF7,IF(lg!$C$18=2,EW7,FN7)) -> 16 | GF7: =IF(lg!$C$18=1,EG7,IF(lg!$C$18=2,EX7,FO7)) -> 1 | GG7: =IF(lg!$C$18=1,EH7,IF(lg!$C$18=2,EY7,FP7)) -> 11 | GH7: =IF(lg!$C$18=1,EI7,IF(lg!$C$18=2,EZ7,FQ7)) -> 2 | ... GP7: =IF(lg!$C$18=1,EQ7,IF(lg!$C$18=2,FH7,FY7)) -> 16 | GR7: =VLOOKUP(GA7,$D$4:$E$33,2,0) -> Dallas | GS7: =VLOOKUP(GB7,$D$4:$E$33,2,0) -> Kansas City | GT7: =VLOOKUP(GC7,$D$4:$E$33,2,0) -> New York Red Bulls | GU7: =VLOOKUP(GD7,$D$4:$E$33,2,0) -> Kansas City | GV7: =VLOOKUP(GE7,$D$4:$E$33,2,0) -> Chivas USA | GW7: =VLOOKUP(GF7,$D$4:$E$33,2,0) -> Columbus | GX7: =VLOOKUP(GG7,$D$4:$E$33,2,0) -> Dallas | GY7: =VLOOKUP(GH7,$D$4:$E$33,2,0) -> New York Red Bulls | ... HG7: =VLOOKUP(GP7,$D$4:$E$33,2,0) -> Chivas USA | HI7: 4 | HJ7: =IF(lg!$C$18=1,F7,IF(lg!$C$18=2,R7,AD7)) -> 18 | HK7: =IF(lg!$C$18=1,G7,IF(lg!$C$18=2,S7,AE7)) -> 6 | HL7: =IF(lg!$C$18=1,H7,IF(lg!$C$18=2,T7,AF7)) -> 3 | HM7: =IF(lg!$C$18=1,I7,IF(lg!$C$18=2,U7,AG7)) -> 9 | HN7: =IF(lg!$C$18=1,J7,IF(lg!$C$18=2,V7,AH7)) -> 21 | HO7: =IF(lg!$C$18=1,K7,IF(lg!$C$18=2,W7,AI7)) -> 18 | HP7: =IF(lg!$C$18=1,L7,IF(lg!$C$18=2,X7,AJ7)) -> 27 | HQ7: =IF(lg!$C$18=1,M7,IF(lg!$C$18=2,Y7,AK7)) -> 18 - 27 | ... HT7: =IF(lg!$C$18=1,P7,IF(lg!$C$18=2,AB7,AN7)) -> 5 | HV7: =VLOOKUP(GA7,$HI$4:$HT$33,6,0) -> 33 | HW7: =VLOOKUP(GB7,$HI$4:$HT$33,6,0) -> 20 | HX7: =VLOOKUP(GC7,$HI$4:$HT$33,3,0) -> 9 | HY7: =VLOOKUP(GD7,$HI$4:$HT$33,3,0) -> 5 | HZ7: =VLOOKUP(GE7,$HI$4:$HT$33,5,0) -> 10 | IA7: =VLOOKUP(GF7,$HI$4:$HT$33,5,0) -> 5 | IB7: =VLOOKUP(GG7,$HI$4:$HT$33,7,0) -> 27 | IC7: =VLOOKUP(GH7,$HI$4:$HT$33,7,0) -> 21 | ID7: =VLOOKUP(GI7,$HI$4:$HT$33,8,0) -> 27 | IE7: =VLOOKUP(GJ7,$HI$4:$HT$33,8,0) -> 18 | IF7: =VLOOKUP(GK7,$HI$4:$HT$33,10,0) -> 9 | IG7: =VLOOKUP(GL7,$HI$4:$HT$33,10,0) -> -8 | IH7: =VLOOKUP(GM7,$HI$4:$HT$33,11,0) -> 7 | II7: =VLOOKUP(GN7,$HI$4:$HT$33,11,0) -> 4 | IJ7: =VLOOKUP(GO7,$HI$4:$HT$33,12,0) -> 8 | IK7: =VLOOKUP(GP7,$HI$4:$HT$33,12,0) -> 4 | IN7: Most Goals Scored | IO7: Overall | IP7: =VLOOKUP('ef-TeamStats'!B2,'ef-FT'!$E$4:$AN$23,7,0) -> 32 | IQ7: =VLOOKUP('ef-TeamStats'!$B$2,Table!$B$4:$W$23,2,0) -> 20 | IR7: =IF(IQ7=0,0,IP7/IQ7) -> 1.6 | IS7: =MATCH('ef-TeamStats'!$B$2,$JY$4:$JY$33,0) -> 2 | IU7: Overall | IV7: =VLOOKUP('ef-TeamStats'!G2,'ef-FT'!$E$4:$AN$23,7,0) -> 27 | IW7: =VLOOKUP('ef-TeamStats'!$G$2,Table!$B$4:$W$23,2,0) -> 19 | IX7: =IF(IW7=0,0,IV7/IW7) -> 1.4210526 | IY7: =MATCH('ef-TeamStats'!$G$2,$JY$4:$JY$33,0) -> 4 | JB7: =IF(lg!$F$18=1,EB7,IF(lg!$F$18=2,ES7,FJ7)) -> 11 | JC7: =IF(lg!$F$18=1,EC7,IF(lg!$F$18=2,ET7,FK7)) -> 6 | JD7: =IF(lg!$F$18=1,ED7,IF(lg!$F$18=2,EU7,FL7)) -> 2 | JE7: =IF(lg!$F$18=1,EE7,IF(lg!$F$18=2,EV7,FM7)) -> 6 | JF7: =IF(lg!$F$18=1,EF7,IF(lg!$F$18=2,EW7,FN7)) -> 16 | JG7: =IF(lg!$F$18=1,EG7,IF(lg!$F$18=2,EX7,FO7)) -> 1 | JH7: =IF(lg!$F$18=1,EH7,IF(lg!$F$18=2,EY7,FP7)) -> 11 | JI7: =IF(lg!$F$18=1,EI7,IF(lg!$F$18=2,EZ7,FQ7)) -> 2 | ... JQ7: =IF(lg!$F$18=1,EQ7,IF(lg!$F$18=2,FH7,FY7)) -> 16 | JS7: =VLOOKUP(JB7,$D$4:$E$33,2,0) -> Dallas | JT7: =VLOOKUP(JC7,$D$4:$E$33,2,0) -> Kansas City | JU7: =VLOOKUP(JD7,$D$4:$E$33,2,0) -> New York Red Bulls | JV7: =VLOOKUP(JE7,$D$4:$E$33,2,0) -> Kansas City | JW7: =VLOOKUP(JF7,$D$4:$E$33,2,0) -> Chivas USA | JX7: =VLOOKUP(JG7,$D$4:$E$33,2,0) -> Columbus | JY7: =VLOOKUP(JH7,$D$4:$E$33,2,0) -> Dallas | JZ7: =VLOOKUP(JI7,$D$4:$E$33,2,0) -> New York Red Bulls | ... KH7: =VLOOKUP(JQ7,$D$4:$E$33,2,0) -> Chivas USA | KL7: 0.27 | KM7: 4 | KN7: =E7 -> New England | KO7: =IF(ISERROR(VLOOKUP(CONCATENATE($KN7,KO$2),$N$2001:$Q$3800,2,0)),0,VLOOKUP(CONCATENATE($KN7,KO$2),$N$2001:$Q$3800,2,0)) -> 0 | KP7: =IF(ISERROR(VLOOKUP(CONCATENATE($KN7,KO$2),$N$2001:$Q$3800,3,0)),0,VLOOKUP(CONCATENATE($KN7,KO$2),$N$2001:$Q$3800,3,0)) -> 0 | KQ7: =IF(ISERROR(VLOOKUP(CONCATENATE($KN7,KO$2),$N$2001:$Q$3800,4,0)),0,VLOOKUP(CONCATENATE($KN7,KO$2),$N$2001:$Q$3800,4,0)) -> 1 | KR7: =IF($KN7=0,-10000000000,1000000000000+KO7*100000000+(KP7-KQ7)*10000+$KL7+KP7) -> 9.9999999e+11 | KU7: =RANK(KR7,KR$4:KR$11) -> 4 | KV7: =IF(ISERROR(VLOOKUP(CONCATENATE($KN7,KV$2),$N$2001:$Q$3800,2,0)),0,VLOOKUP(CONCATENATE($KN7,KV$2),$N$2001:$Q$3800,2,0))+KO7 -> 3 | KW7: =IF(ISERROR(VLOOKUP(CONCATENATE($KN7,KV$2),$N$2001:$Q$3800,3,0)),0,VLOOKUP(CONCATENATE($KN7,KV$2),$N$2001:$Q$3800,3,0))+KP7 -> 2 | KX7: =IF(ISERROR(VLOOKUP(CONCATENATE($KN7,KV$2),$N$2001:$Q$3800,4,0)),0,VLOOKUP(CONCATENATE($KN7,KV$2),$N$2001:$Q$3800,4,0))+KQ7 -> 1 | KY7: =IF($KN7=0,-10000000000,1000000000000+KV7*100000000+(KW7-KX7)*10000+$KL7+KW7) -> 1.0003e+12 | LB7: =RANK(KY7,KY$4:KY$11) -> 4 | LC7: =IF(ISERROR(VLOOKUP(CONCATENATE($KN7,LC$2),$N$2001:$Q$3800,2,0)),0,VLOOKUP(CONCATENATE($KN7,LC$2),$N$2001:$Q$3800,2,0))+KV7 -> 6 | LD7: =IF(ISERROR(VLOOKUP(CONCATENATE($KN7,LC$2),$N$2001:$Q$3800,3,0)),0,VLOOKUP(CONCATENATE($KN7,LC$2),$N$2001:$Q$3800,3,0))+KW7 -> 6 | LE7: =IF(ISERROR(VLOOKUP(CONCATENATE($KN7,LC$2),$N$2001:$Q$3800,4,0)),0,VLOOKUP(CONCATENATE($KN7,LC$2),$N$2001:$Q$3800,4,0))+KX7 -> 2 | LF7: =IF($KN7=0,-10000000000,1000000000000+LC7*100000000+(LD7-LE7)*10000+$KL7+LD7) -> 1.0006e+12 | LI7: =RANK(LF7,LF$4:LF$11) -> 2 | LJ7: =IF(ISERROR(VLOOKUP(CONCATENATE($KN7,LJ$2),$N$2001:$Q$3800,2,0)),0,VLOOKUP(CONCATENATE($KN7,LJ$2),$N$2001:$Q$3800,2,0))+LC7 -> 6 | LK7: =IF(ISERROR(VLOOKUP(CONCATENATE($KN7,LJ$2),$N$2001:$Q$3800,3,0)),0,VLOOKUP(CONCATENATE($KN7,LJ$2),$N$2001:$Q$3800,3,0))+LD7 -> 6 | LL7: =IF(ISERROR(VLOOKUP(CONCATENATE($KN7,LJ$2),$N$2001:$Q$3800,4,0)),0,VLOOKUP(CONCATENATE($KN7,LJ$2),$N$2001:$Q$3800,4,0))+LE7 -> 4 | LM7: =IF($KN7=0,-10000000000,1000000000000+LJ7*100000000+(LK7-LL7)*10000+$KL7+LK7) -> 1.0006e+12 | LP7: =RANK(LM7,LM$4:LM$11) -> 4 | LQ7: =IF(ISERROR(VLOOKUP(CONCATENATE($KN7,LQ$2),$N$2001:$Q$3800,2,0)),0,VLOOKUP(CONCATENATE($KN7,LQ$2),$N$2001:$Q$3800,2,0))+LJ7 -> 6 | LR7: =IF(ISERROR(VLOOKUP(CONCATENATE($KN7,LQ$2),$N$2001:$Q$3800,3,0)),0,VLOOKUP(CONCATENATE($KN7,LQ$2),$N$2001:$Q$3800,3,0))+LK7 -> 7 | LS7: =IF(ISERROR(VLOOKUP(CONCATENATE($KN7,LQ$2),$N$2001:$Q$3800,4,0)),0,VLOOKUP(CONCATENATE($KN7,LQ$2),$N$2001:$Q$3800,4,0))+LL7 -> 6 | LT7: =IF($KN7=0,-10000000000,1000000000000+LQ7*100000000+(LR7-LS7)*10000+$KL7+LR7) -> 1.0006e+12 | LW7: =RANK(LT7,LT$4:LT$11) -> 5 | LX7: =IF(ISERROR(VLOOKUP(CONCATENATE($KN7,LX$2),$N$2001:$Q$3800,2,0)),0,VLOOKUP(CONCATENATE($KN7,LX$2),$N$2001:$Q$3800,2,0))+LQ7 -> 7 | LY7: =IF(ISERROR(VLOOKUP(CONCATENATE($KN7,LX$2),$N$2001:$Q$3800,3,0)),0,VLOOKUP(CONCATENATE($KN7,LX$2),$N$2001:$Q$3800,3,0))+LR7 -> 8 | LZ7: =IF(ISERROR(VLOOKUP(CONCATENATE($KN7,LX$2),$N$2001:$Q$3800,4,0)),0,VLOOKUP(CONCATENATE($KN7,LX$2),$N$2001:$Q$3800,4,0))+LS7 -> 7 | MA7: =IF($KN7=0,-10000000000,1000000000000+LX7*100000000+(LY7-LZ7)*10000+$KL7+LY7) -> 1.0007e+12 | MD7: =RANK(MA7,MA$4:MA$11) -> 4 | ME7: =IF(ISERROR(VLOOKUP(CONCATENATE($KN7,ME$2),$N$2001:$Q$3800,2,0)),0,VLOOKUP(CONCATENATE($KN7,ME$2),$N$2001:$Q$3800,2,0))+LX7 -> 7 | MF7: =IF(ISERROR(VLOOKUP(CONCATENATE($KN7,ME$2),$N$2001:$Q$3800,3,0)),0,VLOOKUP(CONCATENATE($KN7,ME$2),$N$2001:$Q$3800,3,0))+LY7 -> 8 | MG7: =IF(ISERROR(VLOOKUP(CONCATENATE($KN7,ME$2),$N$2001:$Q$3800,4,0)),0,VLOOKUP(CONCATENATE($KN7,ME$2),$N$2001:$Q$3800,4,0))+LZ7 -> 11 | MH7: =IF($KN7=0,-10000000000,1000000000000+ME7*100000000+(MF7-MG7)*10000+$KL7+MF7) -> 1.0007e+12 | MK7: =RANK(MH7,MH$4:MH$11) -> 6 | ML7: =IF(ISERROR(VLOOKUP(CONCATENATE($KN7,ML$2),$N$2001:$Q$3800,2,0)),0,VLOOKUP(CONCATENATE($KN7,ML$2),$N$2001:$Q$3800,2,0))+ME7 -> 7 | MM7: =IF(ISERROR(VLOOKUP(CONCATENATE($KN7,ML$2),$N$2001:$Q$3800,3,0)),0,VLOOKUP(CONCATENATE($KN7,ML$2),$N$2001:$Q$3800,3,0))+MF7 -> 10 | MN7: =IF(ISERROR(VLOOKUP(CONCATENATE($KN7,ML$2),$N$2001:$Q$3800,4,0)),0,VLOOKUP(CONCATENATE($KN7,ML$2),$N$2001:$Q$3800,4,0))+MG7 -> 14 | MO7: =IF($KN7=0,-10000000000,1000000000000+ML7*100000000+(MM7-MN7)*10000+$KL7+MM7) -> 1.0007e+12 | MR7: =RANK(MO7,MO$4:MO$11) -> 6 | MS7: =IF(ISERROR(VLOOKUP(CONCATENATE($KN7,MS$2),$N$2001:$Q$3800,2,0)),0,VLOOKUP(CONCATENATE($KN7,MS$2),$N$2001:$Q$3800,2,0))+ML7 -> 8 | MT7: =IF(ISERROR(VLOOKUP(CONCATENATE($KN7,MS$2),$N$2001:$Q$3800,3,0)),0,VLOOKUP(CONCATENATE($KN7,MS$2),$N$2001:$Q$3800,3,0))+MM7 -> 10 | MU7: =IF(ISERROR(VLOOKUP(CONCATENATE($KN7,MS$2),$N$2001:$Q$3800,4,0)),0,VLOOKUP(CONCATENATE($KN7,MS$2),$N$2001:$Q$3800,4,0))+MN7 -> 14 | MV7: =IF($KN7=0,-10000000000,1000000000000+MS7*100000000+(MT7-MU7)*10000+$KL7+MT7) -> 1.0008e+12 | MY7: =RANK(MV7,MV$4:MV$11) -> 5 | MZ7: =IF(ISERROR(VLOOKUP(CONCATENATE($KN7,MZ$2),$N$2001:$Q$3800,2,0)),0,VLOOKUP(CONCATENATE($KN7,MZ$2),$N$2001:$Q$3800,2,0))+MS7 -> 8 | NA7: =IF(ISERROR(VLOOKUP(CONCATENATE($KN7,MZ$2),$N$2001:$Q$3800,3,0)),0,VLOOKUP(CONCATENATE($KN7,MZ$2),$N$2001:$Q$3800,3,0))+MT7 -> 10 | NB7: =IF(ISERROR(VLOOKUP(CONCATENATE($KN7,MZ$2),$N$2001:$Q$3800,4,0)),0,VLOOKUP(CONCATENATE($KN7,MZ$2),$N$2001:$Q$3800,4,0))+MU7 -> 15 | NC7: =IF($KN7=0,-10000000000,1000000000000+MZ7*100000000+(NA7-NB7)*10000+$KL7+NA7) -> 1.0008e+12 | NF7: =RANK(NC7,NC$4:NC$11) -> 6 | NG7: =IF(ISERROR(VLOOKUP(CONCATENATE($KN7,NG$2),$N$2001:$Q$3800,2,0)),0,VLOOKUP(CONCATENATE($KN7,NG$2),$N$2001:$Q$3800,2,0))+MZ7 -> 11 | NH7: =IF(ISERROR(VLOOKUP(CONCATENATE($KN7,NG$2),$N$2001:$Q$3800,3,0)),0,VLOOKUP(CONCATENATE($KN7,NG$2),$N$2001:$Q$3800,3,0))+NA7 -> 13 | NI7: =IF(ISERROR(VLOOKUP(CONCATENATE($KN7,NG$2),$N$2001:$Q$3800,4,0)),0,VLOOKUP(CONCATENATE($KN7,NG$2),$N$2001:$Q$3800,4,0))+NB7 -> 17 | NJ7: =IF($KN7=0,-10000000000,1000000000000+NG7*100000000+(NH7-NI7)*10000+$KL7+NH7) -> 1.0011e+12 | NM7: =RANK(NJ7,NJ$4:NJ$11) -> 6 | NN7: =IF(ISERROR(VLOOKUP(CONCATENATE($KN7,NN$2),$N$2001:$Q$3800,2,0)),0,VLOOKUP(CONCATENATE($KN7,NN$2),$N$2001:$Q$3800,2,0))+NG7 -> 11 | NO7: =IF(ISERROR(VLOOKUP(CONCATENATE($KN7,NN$2),$N$2001:$Q$3800,3,0)),0,VLOOKUP(CONCATENATE($KN7,NN$2),$N$2001:$Q$3800,3,0))+NH7 -> 13 | NP7: =IF(ISERROR(VLOOKUP(CONCATENATE($KN7,NN$2),$N$2001:$Q$3800,4,0)),0,VLOOKUP(CONCATENATE($KN7,NN$2),$N$2001:$Q$3800,4,0))+NI7 -> 20 | NQ7: =IF($KN7=0,-10000000000,1000000000000+NN7*100000000+(NO7-NP7)*10000+$KL7+NO7) -> 1.0010999e+12 | NT7: =RANK(NQ7,NQ$4:NQ$11) -> 7 | NU7: =IF(ISERROR(VLOOKUP(CONCATENATE($KN7,NU$2),$N$2001:$Q$3800,2,0)),0,VLOOKUP(CONCATENATE($KN7,NU$2),$N$2001:$Q$3800,2,0))+NN7 -> 11 | NV7: =IF(ISERROR(VLOOKUP(CONCATENATE($KN7,NU$2),$N$2001:$Q$3800,3,0)),0,VLOOKUP(CONCATENATE($KN7,NU$2),$N$2001:$Q$3800,3,0))+NO7 -> 13 | NW7: =IF(ISERROR(VLOOKUP(CONCATENATE($KN7,NU$2),$N$2001:$Q$3800,4,0)),0,VLOOKUP(CONCATENATE($KN7,NU$2),$N$2001:$Q$3800,4,0))+NP7 -> 21 | NX7: =IF($KN7=0,-10000000000,1000000000000+NU7*100000000+(NV7-NW7)*10000+$KL7+NV7) -> 1.0010999e+12 | OA7: =RANK(NX7,NX$4:NX$11) -> 7 | OB7: =IF(ISERROR(VLOOKUP(CONCATENATE($KN7,OB$2),$N$2001:$Q$3800,2,0)),0,VLOOKUP(CONCATENATE($KN7,OB$2),$N$2001:$Q$3800,2,0))+NU7 -> 11 | OC7: =IF(ISERROR(VLOOKUP(CONCATENATE($KN7,OB$2),$N$2001:$Q$3800,3,0)),0,VLOOKUP(CONCATENATE($KN7,OB$2),$N$2001:$Q$3800,3,0))+NV7 -> 13 | OD7: =IF(ISERROR(VLOOKUP(CONCATENATE($KN7,OB$2),$N$2001:$Q$3800,4,0)),0,VLOOKUP(CONCATENATE($KN7,OB$2),$N$2001:$Q$3800,4,0))+NW7 -> 26 | OE7: =IF($KN7=0,-10000000000,1000000000000+OB7*100000000+(OC7-OD7)*10000+$KL7+OC7) -> 1.0010999e+12 | OH7: =RANK(OE7,OE$4:OE$11) -> 7 | OI7: =IF(ISERROR(VLOOKUP(CONCATENATE($KN7,OI$2),$N$2001:$Q$3800,2,0)),0,VLOOKUP(CONCATENATE($KN7,OI$2),$N$2001:$Q$3800,2,0))+OB7 -> 14 | OJ7: =IF(ISERROR(VLOOKUP(CONCATENATE($KN7,OI$2),$N$2001:$Q$3800,3,0)),0,VLOOKUP(CONCATENATE($KN7,OI$2),$N$2001:$Q$3800,3,0))+OC7 -> 15 | OK7: =IF(ISERROR(VLOOKUP(CONCATENATE($KN7,OI$2),$N$2001:$Q$3800,4,0)),0,VLOOKUP(CONCATENATE($KN7,OI$2),$N$2001:$Q$3800,4,0))+OD7 -> 26 | OL7: =IF($KN7=0,-10000000000,1000000000000+OI7*100000000+(OJ7-OK7)*10000+$KL7+OJ7) -> 1.0013999e+12 | OO7: =RANK(OL7,OL$4:OL$11) -> 7 | OP7: =IF(ISERROR(VLOOKUP(CONCATENATE($KN7,OP$2),$N$2001:$Q$3800,2,0)),0,VLOOKUP(CONCATENATE($KN7,OP$2),$N$2001:$Q$3800,2,0))+OI7 -> 15 | OQ7: =IF(ISERROR(VLOOKUP(CONCATENATE($KN7,OP$2),$N$2001:$Q$3800,3,0)),0,VLOOKUP(CONCATENATE($KN7,OP$2),$N$2001:$Q$3800,3,0))+OJ7 -> 16 | OR7: =IF(ISERROR(VLOOKUP(CONCATENATE($KN7,OP$2),$N$2001:$Q$3800,4,0)),0,VLOOKUP(CONCATENATE($KN7,OP$2),$N$2001:$Q$3800,4,0))+OK7 -> 27 | OS7: =IF($KN7=0,-10000000000,1000000000000+OP7*100000000+(OQ7-OR7)*10000+$KL7+OQ7) -> 1.0014999e+12 | OV7: =RANK(OS7,OS$4:OS$11) -> 7 | OW7: =IF(ISERROR(VLOOKUP(CONCATENATE($KN7,OW$2),$N$2001:$Q$3800,2,0)),0,VLOOKUP(CONCATENATE($KN7,OW$2),$N$2001:$Q$3800,2,0))+OP7 -> 18 | OX7: =IF(ISERROR(VLOOKUP(CONCATENATE($KN7,OW$2),$N$2001:$Q$3800,3,0)),0,VLOOKUP(CONCATENATE($KN7,OW$2),$N$2001:$Q$3800,3,0))+OQ7 -> 17 | OY7: =IF(ISERROR(VLOOKUP(CONCATENATE($KN7,OW$2),$N$2001:$Q$3800,4,0)),0,VLOOKUP(CONCATENATE($KN7,OW$2),$N$2001:$Q$3800,4,0))+OR7 -> 27 | OZ7: =IF($KN7=0,-10000000000,1000000000000+OW7*100000000+(OX7-OY7)*10000+$KL7+OX7) -> 1.0017999e+12 | PC7: =RANK(OZ7,OZ$4:OZ$11) -> 6 | PD7: =IF(ISERROR(VLOOKUP(CONCATENATE($KN7,PD$2),$N$2001:$Q$3800,2,0)),0,VLOOKUP(CONCATENATE($KN7,PD$2),$N$2001:$Q$3800,2,0))+OW7 -> 21 | PE7: =IF(ISERROR(VLOOKUP(CONCATENATE($KN7,PD$2),$N$2001:$Q$3800,3,0)),0,VLOOKUP(CONCATENATE($KN7,PD$2),$N$2001:$Q$3800,3,0))+OX7 -> 18 | PF7: =IF(ISERROR(VLOOKUP(CONCATENATE($KN7,PD$2),$N$2001:$Q$3800,4,0)),0,VLOOKUP(CONCATENATE($KN7,PD$2),$N$2001:$Q$3800,4,0))+OY7 -> 27 | PG7: =IF($KN7=0,-10000000000,1000000000000+PD7*100000000+(PE7-PF7)*10000+$KL7+PE7) -> 1.0020999e+12 | PJ7: =RANK(PG7,PG$4:PG$11) -> 5 | PK7: =IF(ISERROR(VLOOKUP(CONCATENATE($KN7,PK$2),$N$2001:$Q$3800,2,0)),0,VLOOKUP(CONCATENATE($KN7,PK$2),$N$2001:$Q$3800,2,0))+PD7 -> 21 | PL7: =IF(ISERROR(VLOOKUP(CONCATENATE($KN7,PK$2),$N$2001:$Q$3800,3,0)),0,VLOOKUP(CONCATENATE($KN7,PK$2),$N$2001:$Q$3800,3,0))+PE7 -> 18 | PM7: =IF(ISERROR(VLOOKUP(CONCATENATE($KN7,PK$2),$N$2001:$Q$3800,4,0)),0,VLOOKUP(CONCATENATE($KN7,PK$2),$N$2001:$Q$3800,4,0))+PF7 -> 27 | PN7: =IF($KN7=0,-10000000000,1000000000000+PK7*100000000+(PL7-PM7)*10000+$KL7+PL7) -> 1.0020999e+12 | PQ7: =RANK(PN7,PN$4:PN$11) -> 5 | PR7: =IF(ISERROR(VLOOKUP(CONCATENATE($KN7,PR$2),$N$2001:$Q$3800,2,0)),0,VLOOKUP(CONCATENATE($KN7,PR$2),$N$2001:$Q$3800,2,0))+PK7 -> 21 | PS7: =IF(ISERROR(VLOOKUP(CONCATENATE($KN7,PR$2),$N$2001:$Q$3800,3,0)),0,VLOOKUP(CONCATENATE($KN7,PR$2),$N$2001:$Q$3800,3,0))+PL7 -> 18 | PT7: =IF(ISERROR(VLOOKUP(CONCATENATE($KN7,PR$2),$N$2001:$Q$3800,4,0)),0,VLOOKUP(CONCATENATE($KN7,PR$2),$N$2001:$Q$3800,4,0))+PM7 -> 27 | PU7: =IF($KN7=0,-10000000000,1000000000000+PR7*100000000+(PS7-PT7)*10000+$KL7+PS7) -> 1.0020999e+12 | PX7: =RANK(PU7,PU$4:PU$11) -> 5 | PY7: =IF(ISERROR(VLOOKUP(CONCATENATE($KN7,PY$2),$N$2001:$Q$3800,2,0)),0,VLOOKUP(CONCATENATE($KN7,PY$2),$N$2001:$Q$3800,2,0))+PR7 -> 21 | PZ7: =IF(ISERROR(VLOOKUP(CONCATENATE($KN7,PY$2),$N$2001:$Q$3800,3,0)),0,VLOOKUP(CONCATENATE($KN7,PY$2),$N$2001:$Q$3800,3,0))+PS7 -> 18 | QA7: =IF(ISERROR(VLOOKUP(CONCATENATE($KN7,PY$2),$N$2001:$Q$3800,4,0)),0,VLOOKUP(CONCATENATE($KN7,PY$2),$N$2001:$Q$3800,4,0))+PT7 -> 27 | QB7: =IF($KN7=0,-10000000000,1000000000000+PY7*100000000+(PZ7-QA7)*10000+$KL7+PZ7) -> 1.0020999e+12 | QE7: =RANK(QB7,QB$4:QB$11) -> 5 | QF7: =IF(ISERROR(VLOOKUP(CONCATENATE($KN7,QF$2),$N$2001:$Q$3800,2,0)),0,VLOOKUP(CONCATENATE($KN7,QF$2),$N$2001:$Q$3800,2,0))+PY7 -> 21 | QG7: =IF(ISERROR(VLOOKUP(CONCATENATE($KN7,QF$2),$N$2001:$Q$3800,3,0)),0,VLOOKUP(CONCATENATE($KN7,QF$2),$N$2001:$Q$3800,3,0))+PZ7 -> 18 | QH7: =IF(ISERROR(VLOOKUP(CONCATENATE($KN7,QF$2),$N$2001:$Q$3800,4,0)),0,VLOOKUP(CONCATENATE($KN7,QF$2),$N$2001:$Q$3800,4,0))+QA7 -> 27 | QI7: =IF($KN7=0,-10000000000,1000000000000+QF7*100000000+(QG7-QH7)*10000+$KL7+QG7) -> 1.0020999e+12 | QL7: =RANK(QI7,QI$4:QI$11) -> 5 | QM7: =IF(ISERROR(VLOOKUP(CONCATENATE($KN7,QM$2),$N$2001:$Q$3800,2,0)),0,VLOOKUP(CONCATENATE($KN7,QM$2),$N$2001:$Q$3800,2,0))+QF7 -> 21 | QN7: =IF(ISERROR(VLOOKUP(CONCATENATE($KN7,QM$2),$N$2001:$Q$3800,3,0)),0,VLOOKUP(CONCATENATE($KN7,QM$2),$N$2001:$Q$3800,3,0))+QG7 -> 18 | QO7: =IF(ISERROR(VLOOKUP(CONCATENATE($KN7,QM$2),$N$2001:$Q$3800,4,0)),0,VLOOKUP(CONCATENATE($KN7,QM$2),$N$2001:$Q$3800,4,0))+QH7 -> 27 | QP7: =IF($KN7=0,-10000000000,1000000000000+QM7*100000000+(QN7-QO7)*10000+$KL7+QN7) -> 1.0020999e+12 | QS7: =RANK(QP7,QP$4:QP$11) -> 5 | QT7: =IF(ISERROR(VLOOKUP(CONCATENATE($KN7,QT$2),$N$2001:$Q$3800,2,0)),0,VLOOKUP(CONCATENATE($KN7,QT$2),$N$2001:$Q$3800,2,0))+QM7 -> 21 | QU7: =IF(ISERROR(VLOOKUP(CONCATENATE($KN7,QT$2),$N$2001:$Q$3800,3,0)),0,VLOOKUP(CONCATENATE($KN7,QT$2),$N$2001:$Q$3800,3,0))+QN7 -> 18 | QV7: =IF(ISERROR(VLOOKUP(CONCATENATE($KN7,QT$2),$N$2001:$Q$3800,4,0)),0,VLOOKUP(CONCATENATE($KN7,QT$2),$N$2001:$Q$3800,4,0))+QO7 -> 27 | QW7: =IF($KN7=0,-10000000000,1000000000000+QT7*100000000+(QU7-QV7)*10000+$KL7+QU7) -> 1.0020999e+12 | QZ7: =RANK(QW7,QW$4:QW$11) -> 5 | RA7: =IF(ISERROR(VLOOKUP(CONCATENATE($KN7,RA$2),$N$2001:$Q$3800,2,0)),0,VLOOKUP(CONCATENATE($KN7,RA$2),$N$2001:$Q$3800,2,0))+QT7 -> 21 | RB7: =IF(ISERROR(VLOOKUP(CONCATENATE($KN7,RA$2),$N$2001:$Q$3800,3,0)),0,VLOOKUP(CONCATENATE($KN7,RA$2),$N$2001:$Q$3800,3,0))+QU7 -> 18 | RC7: =IF(ISERROR(VLOOKUP(CONCATENATE($KN7,RA$2),$N$2001:$Q$3800,4,0)),0,VLOOKUP(CONCATENATE($KN7,RA$2),$N$2001:$Q$3800,4,0))+QV7 -> 27 | RD7: =IF($KN7=0,-10000000000,1000000000000+RA7*100000000+(RB7-RC7)*10000+$KL7+RB7) -> 1.0020999e+12 | RG7: =RANK(RD7,RD$4:RD$11) -> 5 | RH7: =IF(ISERROR(VLOOKUP(CONCATENATE($KN7,RH$2),$N$2001:$Q$3800,2,0)),0,VLOOKUP(CONCATENATE($KN7,RH$2),$N$2001:$Q$3800,2,0))+RA7 -> 21 | RI7: =IF(ISERROR(VLOOKUP(CONCATENATE($KN7,RH$2),$N$2001:$Q$3800,3,0)),0,VLOOKUP(CONCATENATE($KN7,RH$2),$N$2001:$Q$3800,3,0))+RB7 -> 18 | RJ7: =IF(ISERROR(VLOOKUP(CONCATENATE($KN7,RH$2),$N$2001:$Q$3800,4,0)),0,VLOOKUP(CONCATENATE($KN7,RH$2),$N$2001:$Q$3800,4,0))+RC7 -> 27 | RK7: =IF($KN7=0,-10000000000,1000000000000+RH7*100000000+(RI7-RJ7)*10000+$KL7+RI7) -> 1.0020999e+12 | RN7: =RANK(RK7,RK$4:RK$11) -> 5 | RO7: =IF(ISERROR(VLOOKUP(CONCATENATE($KN7,RO$2),$N$2001:$Q$3800,2,0)),0,VLOOKUP(CONCATENATE($KN7,RO$2),$N$2001:$Q$3800,2,0))+RH7 -> 21 | RP7: =IF(ISERROR(VLOOKUP(CONCATENATE($KN7,RO$2),$N$2001:$Q$3800,3,0)),0,VLOOKUP(CONCATENATE($KN7,RO$2),$N$2001:$Q$3800,3,0))+RI7 -> 18 | RQ7: =IF(ISERROR(VLOOKUP(CONCATENATE($KN7,RO$2),$N$2001:$Q$3800,4,0)),0,VLOOKUP(CONCATENATE($KN7,RO$2),$N$2001:$Q$3800,4,0))+RJ7 -> 27 | RR7: =IF($KN7=0,-10000000000,1000000000000+RO7*100000000+(RP7-RQ7)*10000+$KL7+RP7) -> 1.0020999e+12 | RU7: =RANK(RR7,RR$4:RR$11) -> 5 | RV7: =IF(ISERROR(VLOOKUP(CONCATENATE($KN7,RV$2),$N$2001:$Q$3800,2,0)),0,VLOOKUP(CONCATENATE($KN7,RV$2),$N$2001:$Q$3800,2,0))+RO7 -> 21 | RW7: =IF(ISERROR(VLOOKUP(CONCATENATE($KN7,RV$2),$N$2001:$Q$3800,3,0)),0,VLOOKUP(CONCATENATE($KN7,RV$2),$N$2001:$Q$3800,3,0))+RP7 -> 18 | RX7: =IF(ISERROR(VLOOKUP(CONCATENATE($KN7,RV$2),$N$2001:$Q$3800,4,0)),0,VLOOKUP(CONCATENATE($KN7,RV$2),$N$2001:$Q$3800,4,0))+RQ7 -> 27 | RY7: =IF($KN7=0,-10000000000,1000000000000+RV7*100000000+(RW7-RX7)*10000+$KL7+RW7) -> 1.0020999e+12 | SB7: =RANK(RY7,RY$4:RY$11) -> 5 | SC7: =IF(ISERROR(VLOOKUP(CONCATENATE($KN7,SC$2),$N$2001:$Q$3800,2,0)),0,VLOOKUP(CONCATENATE($KN7,SC$2),$N$2001:$Q$3800,2,0))+RV7 -> 21 | SD7: =IF(ISERROR(VLOOKUP(CONCATENATE($KN7,SC$2),$N$2001:$Q$3800,3,0)),0,VLOOKUP(CONCATENATE($KN7,SC$2),$N$2001:$Q$3800,3,0))+RW7 -> 18 | SE7: =IF(ISERROR(VLOOKUP(CONCATENATE($KN7,SC$2),$N$2001:$Q$3800,4,0)),0,VLOOKUP(CONCATENATE($KN7,SC$2),$N$2001:$Q$3800,4,0))+RX7 -> 27 | SF7: =IF($KN7=0,-10000000000,1000000000000+SC7*100000000+(SD7-SE7)*10000+$KL7+SD7) -> 1.0020999e+12 | SI7: =RANK(SF7,SF$4:SF$11) -> 5 | SJ7: =IF(ISERROR(VLOOKUP(CONCATENATE($KN7,SJ$2),$N$2001:$Q$3800,2,0)),0,VLOOKUP(CONCATENATE($KN7,SJ$2),$N$2001:$Q$3800,2,0))+SC7 -> 21 | SK7: =IF(ISERROR(VLOOKUP(CONCATENATE($KN7,SJ$2),$N$2001:$Q$3800,3,0)),0,VLOOKUP(CONCATENATE($KN7,SJ$2),$N$2001:$Q$3800,3,0))+SD7 -> 18 | SL7: =IF(ISERROR(VLOOKUP(CONCATENATE($KN7,SJ$2),$N$2001:$Q$3800,4,0)),0,VLOOKUP(CONCATENATE($KN7,SJ$2),$N$2001:$Q$3800,4,0))+SE7 -> 27 | SM7: =IF($KN7=0,-10000000000,1000000000000+SJ7*100000000+(SK7-SL7)*10000+$KL7+SK7) -> 1.0020999e+12 | SP7: =RANK(SM7,SM$4:SM$11) -> 5 | SQ7: =IF(ISERROR(VLOOKUP(CONCATENATE($KN7,SQ$2),$N$2001:$Q$3800,2,0)),0,VLOOKUP(CONCATENATE($KN7,SQ$2),$N$2001:$Q$3800,2,0))+SJ7 -> 21 | SR7: =IF(ISERROR(VLOOKUP(CONCATENATE($KN7,SQ$2),$N$2001:$Q$3800,3,0)),0,VLOOKUP(CONCATENATE($KN7,SQ$2),$N$2001:$Q$3800,3,0))+SK7 -> 18 | SS7: =IF(ISERROR(VLOOKUP(CONCATENATE($KN7,SQ$2),$N$2001:$Q$3800,4,0)),0,VLOOKUP(CONCATENATE($KN7,SQ$2),$N$2001:$Q$3800,4,0))+SL7 -> 27 | ST7: =IF($KN7=0,-10000000000,1000000000000+SQ7*100000000+(SR7-SS7)*10000+$KL7+SR7) -> 1.0020999e+12 | SW7: =RANK(ST7,ST$4:ST$11) -> 5 | SX7: =IF(ISERROR(VLOOKUP(CONCATENATE($KN7,SX$2),$N$2001:$Q$3800,2,0)),0,VLOOKUP(CONCATENATE($KN7,SX$2),$N$2001:$Q$3800,2,0))+SQ7 -> 21 | SY7: =IF(ISERROR(VLOOKUP(CONCATENATE($KN7,SX$2),$N$2001:$Q$3800,3,0)),0,VLOOKUP(CONCATENATE($KN7,SX$2),$N$2001:$Q$3800,3,0))+SR7 -> 18 | SZ7: =IF(ISERROR(VLOOKUP(CONCATENATE($KN7,SX$2),$N$2001:$Q$3800,4,0)),0,VLOOKUP(CONCATENATE($KN7,SX$2),$N$2001:$Q$3800,4,0))+SS7 -> 27 | TA7: =IF($KN7=0,-10000000000,1000000000000+SX7*100000000+(SY7-SZ7)*10000+$KL7+SY7) -> 1.0020999e+12 | TD7: =RANK(TA7,TA$4:TA$11) -> 5 | TE7: =IF(ISERROR(VLOOKUP(CONCATENATE($KN7,TE$2),$N$2001:$Q$3800,2,0)),0,VLOOKUP(CONCATENATE($KN7,TE$2),$N$2001:$Q$3800,2,0))+SX7 -> 21 | TF7: =IF(ISERROR(VLOOKUP(CONCATENATE($KN7,TE$2),$N$2001:$Q$3800,3,0)),0,VLOOKUP(CONCATENATE($KN7,TE$2),$N$2001:$Q$3800,3,0))+SY7 -> 18 | TG7: =IF(ISERROR(VLOOKUP(CONCATENATE($KN7,TE$2),$N$2001:$Q$3800,4,0)),0,VLOOKUP(CONCATENATE($KN7,TE$2),$N$2001:$Q$3800,4,0))+SZ7 -> 27 | TH7: =IF($KN7=0,-10000000000,1000000000000+TE7*100000000+(TF7-TG7)*10000+$KL7+TF7) -> 1.0020999e+12 | TK7: =RANK(TH7,TH$4:TH$11) -> 5 | TL7: =IF(ISERROR(VLOOKUP(CONCATENATE($KN7,TL$2),$N$2001:$Q$3800,2,0)),0,VLOOKUP(CONCATENATE($KN7,TL$2),$N$2001:$Q$3800,2,0))+TE7 -> 21 | TM7: =IF(ISERROR(VLOOKUP(CONCATENATE($KN7,TL$2),$N$2001:$Q$3800,3,0)),0,VLOOKUP(CONCATENATE($KN7,TL$2),$N$2001:$Q$3800,3,0))+TF7 -> 18 | TN7: =IF(ISERROR(VLOOKUP(CONCATENATE($KN7,TL$2),$N$2001:$Q$3800,4,0)),0,VLOOKUP(CONCATENATE($KN7,TL$2),$N$2001:$Q$3800,4,0))+TG7 -> 27 | TO7: =IF($KN7=0,-10000000000,1000000000000+TL7*100000000+(TM7-TN7)*10000+$KL7+TM7) -> 1.0020999e+12 | TR7: =RANK(TO7,TO$4:TO$11) -> 5 | TS7: =IF(ISERROR(VLOOKUP(CONCATENATE($KN7,TS$2),$N$2001:$Q$3800,2,0)),0,VLOOKUP(CONCATENATE($KN7,TS$2),$N$2001:$Q$3800,2,0))+TL7 -> 21 | TT7: =IF(ISERROR(VLOOKUP(CONCATENATE($KN7,TS$2),$N$2001:$Q$3800,3,0)),0,VLOOKUP(CONCATENATE($KN7,TS$2),$N$2001:$Q$3800,3,0))+TM7 -> 18 | TU7: =IF(ISERROR(VLOOKUP(CONCATENATE($KN7,TS$2),$N$2001:$Q$3800,4,0)),0,VLOOKUP(CONCATENATE($KN7,TS$2),$N$2001:$Q$3800,4,0))+TN7 -> 27 | TV7: =IF($KN7=0,-10000000000,1000000000000+TS7*100000000+(TT7-TU7)*10000+$KL7+TT7) -> 1.0020999e+12 | TY7: =RANK(TV7,TV$4:TV$11) -> 5 | TZ7: =IF(ISERROR(VLOOKUP(CONCATENATE($KN7,TZ$2),$N$2001:$Q$3800,2,0)),0,VLOOKUP(CONCATENATE($KN7,TZ$2),$N$2001:$Q$3800,2,0))+TS7 -> 21 | UA7: =IF(ISERROR(VLOOKUP(CONCATENATE($KN7,TZ$2),$N$2001:$Q$3800,3,0)),0,VLOOKUP(CONCATENATE($KN7,TZ$2),$N$2001:$Q$3800,3,0))+TT7 -> 18 | UB7: =IF(ISERROR(VLOOKUP(CONCATENATE($KN7,TZ$2),$N$2001:$Q$3800,4,0)),0,VLOOKUP(CONCATENATE($KN7,TZ$2),$N$2001:$Q$3800,4,0))+TU7 -> 27 | UC7: =IF($KN7=0,-10000000000,1000000000000+TZ7*100000000+(UA7-UB7)*10000+$KL7+UA7) -> 1.0020999e+12 | UF7: =RANK(UC7,UC$4:UC$11) -> 5 | UG7: =IF(ISERROR(VLOOKUP(CONCATENATE($KN7,UG$2),$N$2001:$Q$3800,2,0)),0,VLOOKUP(CONCATENATE($KN7,UG$2),$N$2001:$Q$3800,2,0))+TZ7 -> 21 | UH7: =IF(ISERROR(VLOOKUP(CONCATENATE($KN7,UG$2),$N$2001:$Q$3800,3,0)),0,VLOOKUP(CONCATENATE($KN7,UG$2),$N$2001:$Q$3800,3,0))+UA7 -> 18 | UI7: =IF(ISERROR(VLOOKUP(CONCATENATE($KN7,UG$2),$N$2001:$Q$3800,4,0)),0,VLOOKUP(CONCATENATE($KN7,UG$2),$N$2001:$Q$3800,4,0))+UB7 -> 27 | UJ7: =IF($KN7=0,-10000000000,1000000000000+UG7*100000000+(UH7-UI7)*10000+$KL7+UH7) -> 1.0020999e+12 | UM7: =RANK(UJ7,UJ$4:UJ$11) -> 5 | UN7: =IF(ISERROR(VLOOKUP(CONCATENATE($KN7,UN$2),$N$2001:$Q$3800,2,0)),0,VLOOKUP(CONCATENATE($KN7,UN$2),$N$2001:$Q$3800,2,0))+UG7 -> 21 | UO7: =IF(ISERROR(VLOOKUP(CONCATENATE($KN7,UN$2),$N$2001:$Q$3800,3,0)),0,VLOOKUP(CONCATENATE($KN7,UN$2),$N$2001:$Q$3800,3,0))+UH7 -> 18 | UP7: =IF(ISERROR(VLOOKUP(CONCATENATE($KN7,UN$2),$N$2001:$Q$3800,4,0)),0,VLOOKUP(CONCATENATE($KN7,UN$2),$N$2001:$Q$3800,4,0))+UI7 -> 27 | UQ7: =IF($KN7=0,-10000000000,1000000000000+UN7*100000000+(UO7-UP7)*10000+$KL7+UO7) -> 1.0020999e+12 | UT7: =RANK(UQ7,UQ$4:UQ$11) -> 5 | UV7: =KN7 -> New England | UW7: =KU7 -> 4 | UX7: =OFFSET($KU7,0,UX$3) -> 4 | UY7: =OFFSET($KU7,0,UY$3) -> 2 | UZ7: =OFFSET($KU7,0,UZ$3) -> 4 | VA7: =OFFSET($KU7,0,VA$3) -> 5 | VB7: =OFFSET($KU7,0,VB$3) -> 4 | VC7: =OFFSET($KU7,0,VC$3) -> 6 | VD7: =OFFSET($KU7,0,VD$3) -> 6 | VE7: =OFFSET($KU7,0,VE$3) -> 5 | ... WH7: =OFFSET($KU7,0,WH$3) -> 5 | WK7: =UV7 -> New England | WL7: 4 | WM7: 4 | WN7: =IF($WI$2>=WN$3,UW7,NA()) -> 4 | WO7: =IF($WI$2>=WO$3,UX7,NA()) -> 4 | WP7: =IF($WI$2>=WP$3,UY7,NA()) -> 2 | WQ7: =IF($WI$2>=WQ$3,UZ7,NA()) -> 4 | WR7: =IF($WI$2>=WR$3,VA7,NA()) -> 5 | WS7: =IF($WI$2>=WS$3,VB7,NA()) -> 4 | WT7: =IF($WI$2>=WT$3,VC7,NA()) -> 6 | WU7: =IF($WI$2>=WU$3,VD7,NA()) -> 6 | ... XY7: =IF($WI$2>=XY$3,WH7,NA()) -> #N/A | YB7: =HistoriChart!T1 -> Toronto FC | YC7: =IF(ISERROR(VLOOKUP(YB7,$E$4:$E$11,1,0)),"",YB7) -> Toronto FC | YE7: =VLOOKUP($YC7,$WK$4:WL$33,YE$3+3,0) -> 3 | YF7: =VLOOKUP($YC7,$WK$4:WM$33,YF$3+3,0) -> 3 | YG7: =VLOOKUP($YC7,$WK$4:WN$33,YG$3+3,0) -> 6 | YH7: =VLOOKUP($YC7,$WK$4:WO$33,YH$3+3,0) -> 7 | YI7: =VLOOKUP($YC7,$WK$4:WP$33,YI$3+3,0) -> 6 | YJ7: =VLOOKUP($YC7,$WK$4:WQ$33,YJ$3+3,0) -> 7 | YK7: =VLOOKUP($YC7,$WK$4:WR$33,YK$3+3,0) -> 6 | YL7: =VLOOKUP($YC7,$WK$4:WS$33,YL$3+3,0) -> 6 | ... ZR7: =VLOOKUP($YC7,$WK$4:XY$33,ZR$3+3,0) -> #N/A
